pd_idx,binid_gen,binid_rec,mig
0,0.0,0.0,1.0
1,1.0,0.0,0.05
2,2.0,0.0,0.0
3,3.0,0.0,0.0
4,4.0,0.0,0.0
5,5.0,0.0,0.0
6,6.0,0.0,0.0
7,7.0,0.0,0.0
8,8.0,0.0,0.0
9,9.0,0.0,0.0
10,10.0,0.0,0.0
11,11.0,0.0,0.0
12,12.0,0.0,0.0
13,13.0,0.0,0.0
14,14.0,0.0,0.0
15,15.0,0.0,0.0
16,16.0,0.0,0.0
17,17.0,0.0,0.0
18,18.0,0.0,0.0
19,19.0,0.0,0.0
20,20.0,0.0,0.0
21,21.0,0.0,0.0
22,22.0,0.0,0.0
23,23.0,0.0,0.0
24,24.0,0.0,0.0
25,25.0,0.0,0.0
26,26.0,0.0,0.0
27,27.0,0.0,0.0
28,28.0,0.0,0.0
29,29.0,0.0,0.0
30,30.0,0.0,0.0
31,31.0,0.0,0.0
32,32.0,0.0,0.0
33,33.0,0.0,0.0
34,34.0,0.0,0.0
35,35.0,0.0,0.0
36,36.0,0.0,0.0
37,37.0,0.0,0.0
38,38.0,0.0,0.0
39,39.0,0.0,0.0
40,40.0,0.0,0.0
41,41.0,0.0,0.0
42,42.0,0.0,0.0
43,43.0,0.0,0.0
44,44.0,0.0,0.0
45,45.0,0.0,0.0
46,46.0,0.0,0.0
47,47.0,0.0,0.0
48,48.0,0.0,0.0
49,49.0,0.0,0.0
50,50.0,0.0,0.0
51,51.0,0.0,0.0
52,52.0,0.0,0.0
53,53.0,0.0,0.0
54,54.0,0.0,0.0
55,55.0,0.0,0.0
56,56.0,0.0,0.0
57,57.0,0.0,0.0
58,58.0,0.0,0.0
59,59.0,0.0,0.0
60,60.0,0.0,0.0
61,61.0,0.0,0.0
62,62.0,0.0,0.0
63,63.0,0.0,0.0
64,0.0,1.0,0.05
65,1.0,1.0,1.0
66,2.0,1.0,0.05
67,3.0,1.0,0.0
68,4.0,1.0,0.0
69,5.0,1.0,0.0
70,6.0,1.0,0.0
71,7.0,1.0,0.0
72,8.0,1.0,0.0
73,9.0,1.0,0.0
74,10.0,1.0,0.0
75,11.0,1.0,0.0
76,12.0,1.0,0.0
77,13.0,1.0,0.0
78,14.0,1.0,0.0
79,15.0,1.0,0.0
80,16.0,1.0,0.0
81,17.0,1.0,0.0
82,18.0,1.0,0.0
83,19.0,1.0,0.0
84,20.0,1.0,0.0
85,21.0,1.0,0.0
86,22.0,1.0,0.0
87,23.0,1.0,0.0
88,24.0,1.0,0.0
89,25.0,1.0,0.0
90,26.0,1.0,0.0
91,27.0,1.0,0.0
92,28.0,1.0,0.0
93,29.0,1.0,0.0
94,30.0,1.0,0.0
95,31.0,1.0,0.0
96,32.0,1.0,0.0
97,33.0,1.0,0.0
98,34.0,1.0,0.0
99,35.0,1.0,0.0
100,36.0,1.0,0.0
101,37.0,1.0,0.0
102,38.0,1.0,0.0
103,39.0,1.0,0.0
104,40.0,1.0,0.0
105,41.0,1.0,0.0
106,42.0,1.0,0.0
107,43.0,1.0,0.0
108,44.0,1.0,0.0
109,45.0,1.0,0.0
110,46.0,1.0,0.0
111,47.0,1.0,0.0
112,48.0,1.0,0.0
113,49.0,1.0,0.0
114,50.0,1.0,0.0
115,51.0,1.0,0.0
116,52.0,1.0,0.0
117,53.0,1.0,0.0
118,54.0,1.0,0.0
119,55.0,1.0,0.0
120,56.0,1.0,0.0
121,57.0,1.0,0.0
122,58.0,1.0,0.0
123,59.0,1.0,0.0
124,60.0,1.0,0.0
125,61.0,1.0,0.0
126,62.0,1.0,0.0
127,63.0,1.0,0.0
128,0.0,2.0,0.0
129,1.0,2.0,0.05
130,2.0,2.0,1.0
131,3.0,2.0,0.05
132,4.0,2.0,0.0
133,5.0,2.0,0.0
134,6.0,2.0,0.0
135,7.0,2.0,0.0
136,8.0,2.0,0.0
137,9.0,2.0,0.0
138,10.0,2.0,0.0
139,11.0,2.0,0.0
140,12.0,2.0,0.0
141,13.0,2.0,0.0
142,14.0,2.0,0.0
143,15.0,2.0,0.0
144,16.0,2.0,0.0
145,17.0,2.0,0.0
146,18.0,2.0,0.0
147,19.0,2.0,0.0
148,20.0,2.0,0.0
149,21.0,2.0,0.0
150,22.0,2.0,0.0
151,23.0,2.0,0.0
152,24.0,2.0,0.0
153,25.0,2.0,0.0
154,26.0,2.0,0.0
155,27.0,2.0,0.0
156,28.0,2.0,0.0
157,29.0,2.0,0.0
158,30.0,2.0,0.0
159,31.0,2.0,0.0
160,32.0,2.0,0.0
161,33.0,2.0,0.0
162,34.0,2.0,0.0
163,35.0,2.0,0.0
164,36.0,2.0,0.0
165,37.0,2.0,0.0
166,38.0,2.0,0.0
167,39.0,2.0,0.0
168,40.0,2.0,0.0
169,41.0,2.0,0.0
170,42.0,2.0,0.0
171,43.0,2.0,0.0
172,44.0,2.0,0.0
173,45.0,2.0,0.0
174,46.0,2.0,0.0
175,47.0,2.0,0.0
176,48.0,2.0,0.0
177,49.0,2.0,0.0
178,50.0,2.0,0.0
179,51.0,2.0,0.0
180,52.0,2.0,0.0
181,53.0,2.0,0.0
182,54.0,2.0,0.0
183,55.0,2.0,0.0
184,56.0,2.0,0.0
185,57.0,2.0,0.0
186,58.0,2.0,0.0
187,59.0,2.0,0.0
188,60.0,2.0,0.0
189,61.0,2.0,0.0
190,62.0,2.0,0.0
191,63.0,2.0,0.0
192,0.0,3.0,0.0
193,1.0,3.0,0.0
194,2.0,3.0,0.05
195,3.0,3.0,1.0
196,4.0,3.0,0.05
197,5.0,3.0,0.0
198,6.0,3.0,0.0
199,7.0,3.0,0.0
200,8.0,3.0,0.0
201,9.0,3.0,0.0
202,10.0,3.0,0.0
203,11.0,3.0,0.0
204,12.0,3.0,0.0
205,13.0,3.0,0.0
206,14.0,3.0,0.0
207,15.0,3.0,0.0
208,16.0,3.0,0.0
209,17.0,3.0,0.0
210,18.0,3.0,0.0
211,19.0,3.0,0.0
212,20.0,3.0,0.0
213,21.0,3.0,0.0
214,22.0,3.0,0.0
215,23.0,3.0,0.0
216,24.0,3.0,0.0
217,25.0,3.0,0.0
218,26.0,3.0,0.0
219,27.0,3.0,0.0
220,28.0,3.0,0.0
221,29.0,3.0,0.0
222,30.0,3.0,0.0
223,31.0,3.0,0.0
224,32.0,3.0,0.0
225,33.0,3.0,0.0
226,34.0,3.0,0.0
227,35.0,3.0,0.0
228,36.0,3.0,0.0
229,37.0,3.0,0.0
230,38.0,3.0,0.0
231,39.0,3.0,0.0
232,40.0,3.0,0.0
233,41.0,3.0,0.0
234,42.0,3.0,0.0
235,43.0,3.0,0.0
236,44.0,3.0,0.0
237,45.0,3.0,0.0
238,46.0,3.0,0.0
239,47.0,3.0,0.0
240,48.0,3.0,0.0
241,49.0,3.0,0.0
242,50.0,3.0,0.0
243,51.0,3.0,0.0
244,52.0,3.0,0.0
245,53.0,3.0,0.0
246,54.0,3.0,0.0
247,55.0,3.0,0.0
248,56.0,3.0,0.0
249,57.0,3.0,0.0
250,58.0,3.0,0.0
251,59.0,3.0,0.0
252,60.0,3.0,0.0
253,61.0,3.0,0.0
254,62.0,3.0,0.0
255,63.0,3.0,0.0
256,0.0,4.0,0.0
257,1.0,4.0,0.0
258,2.0,4.0,0.0
259,3.0,4.0,0.05
260,4.0,4.0,1.0
261,5.0,4.0,0.05
262,6.0,4.0,0.0
263,7.0,4.0,0.0
264,8.0,4.0,0.0
265,9.0,4.0,0.0
266,10.0,4.0,0.0
267,11.0,4.0,0.0
268,12.0,4.0,0.0
269,13.0,4.0,0.0
270,14.0,4.0,0.0
271,15.0,4.0,0.0
272,16.0,4.0,0.0
273,17.0,4.0,0.0
274,18.0,4.0,0.0
275,19.0,4.0,0.0
276,20.0,4.0,0.0
277,21.0,4.0,0.0
278,22.0,4.0,0.0
279,23.0,4.0,0.0
280,24.0,4.0,0.0
281,25.0,4.0,0.0
282,26.0,4.0,0.0
283,27.0,4.0,0.0
284,28.0,4.0,0.0
285,29.0,4.0,0.0
286,30.0,4.0,0.0
287,31.0,4.0,0.0
288,32.0,4.0,0.0
289,33.0,4.0,0.0
290,34.0,4.0,0.0
291,35.0,4.0,0.0
292,36.0,4.0,0.0
293,37.0,4.0,0.0
294,38.0,4.0,0.0
295,39.0,4.0,0.0
296,40.0,4.0,0.0
297,41.0,4.0,0.0
298,42.0,4.0,0.0
299,43.0,4.0,0.0
300,44.0,4.0,0.0
301,45.0,4.0,0.0
302,46.0,4.0,0.0
303,47.0,4.0,0.0
304,48.0,4.0,0.0
305,49.0,4.0,0.0
306,50.0,4.0,0.0
307,51.0,4.0,0.0
308,52.0,4.0,0.0
309,53.0,4.0,0.0
310,54.0,4.0,0.0
311,55.0,4.0,0.0
312,56.0,4.0,0.0
313,57.0,4.0,0.0
314,58.0,4.0,0.0
315,59.0,4.0,0.0
316,60.0,4.0,0.0
317,61.0,4.0,0.0
318,62.0,4.0,0.0
319,63.0,4.0,0.0
320,0.0,5.0,0.0
321,1.0,5.0,0.0
322,2.0,5.0,0.0
323,3.0,5.0,0.0
324,4.0,5.0,0.05
325,5.0,5.0,1.0
326,6.0,5.0,0.05
327,7.0,5.0,0.0
328,8.0,5.0,0.0
329,9.0,5.0,0.0
330,10.0,5.0,0.0
331,11.0,5.0,0.0
332,12.0,5.0,0.0
333,13.0,5.0,0.0
334,14.0,5.0,0.0
335,15.0,5.0,0.0
336,16.0,5.0,0.0
337,17.0,5.0,0.0
338,18.0,5.0,0.0
339,19.0,5.0,0.0
340,20.0,5.0,0.0
341,21.0,5.0,0.0
342,22.0,5.0,0.0
343,23.0,5.0,0.0
344,24.0,5.0,0.0
345,25.0,5.0,0.0
346,26.0,5.0,0.0
347,27.0,5.0,0.0
348,28.0,5.0,0.0
349,29.0,5.0,0.0
350,30.0,5.0,0.0
351,31.0,5.0,0.0
352,32.0,5.0,0.0
353,33.0,5.0,0.0
354,34.0,5.0,0.0
355,35.0,5.0,0.0
356,36.0,5.0,0.0
357,37.0,5.0,0.0
358,38.0,5.0,0.0
359,39.0,5.0,0.0
360,40.0,5.0,0.0
361,41.0,5.0,0.0
362,42.0,5.0,0.0
363,43.0,5.0,0.0
364,44.0,5.0,0.0
365,45.0,5.0,0.0
366,46.0,5.0,0.0
367,47.0,5.0,0.0
368,48.0,5.0,0.0
369,49.0,5.0,0.0
370,50.0,5.0,0.0
371,51.0,5.0,0.0
372,52.0,5.0,0.0
373,53.0,5.0,0.0
374,54.0,5.0,0.0
375,55.0,5.0,0.0
376,56.0,5.0,0.0
377,57.0,5.0,0.0
378,58.0,5.0,0.0
379,59.0,5.0,0.0
380,60.0,5.0,0.0
381,61.0,5.0,0.0
382,62.0,5.0,0.0
383,63.0,5.0,0.0
384,0.0,6.0,0.0
385,1.0,6.0,0.0
386,2.0,6.0,0.0
387,3.0,6.0,0.0
388,4.0,6.0,0.0
389,5.0,6.0,0.05
390,6.0,6.0,1.0
391,7.0,6.0,0.05
392,8.0,6.0,0.0
393,9.0,6.0,0.0
394,10.0,6.0,0.0
395,11.0,6.0,0.0
396,12.0,6.0,0.0
397,13.0,6.0,0.0
398,14.0,6.0,0.0
399,15.0,6.0,0.0
400,16.0,6.0,0.0
401,17.0,6.0,0.0
402,18.0,6.0,0.0
403,19.0,6.0,0.0
404,20.0,6.0,0.0
405,21.0,6.0,0.0
406,22.0,6.0,0.0
407,23.0,6.0,0.0
408,24.0,6.0,0.0
409,25.0,6.0,0.0
410,26.0,6.0,0.0
411,27.0,6.0,0.0
412,28.0,6.0,0.0
413,29.0,6.0,0.0
414,30.0,6.0,0.0
415,31.0,6.0,0.0
416,32.0,6.0,0.0
417,33.0,6.0,0.0
418,34.0,6.0,0.0
419,35.0,6.0,0.0
420,36.0,6.0,0.0
421,37.0,6.0,0.0
422,38.0,6.0,0.0
423,39.0,6.0,0.0
424,40.0,6.0,0.0
425,41.0,6.0,0.0
426,42.0,6.0,0.0
427,43.0,6.0,0.0
428,44.0,6.0,0.0
429,45.0,6.0,0.0
430,46.0,6.0,0.0
431,47.0,6.0,0.0
432,48.0,6.0,0.0
433,49.0,6.0,0.0
434,50.0,6.0,0.0
435,51.0,6.0,0.0
436,52.0,6.0,0.0
437,53.0,6.0,0.0
438,54.0,6.0,0.0
439,55.0,6.0,0.0
440,56.0,6.0,0.0
441,57.0,6.0,0.0
442,58.0,6.0,0.0
443,59.0,6.0,0.0
444,60.0,6.0,0.0
445,61.0,6.0,0.0
446,62.0,6.0,0.0
447,63.0,6.0,0.0
448,0.0,7.0,0.0
449,1.0,7.0,0.0
450,2.0,7.0,0.0
451,3.0,7.0,0.0
452,4.0,7.0,0.0
453,5.0,7.0,0.0
454,6.0,7.0,0.05
455,7.0,7.0,1.0
456,8.0,7.0,0.05
457,9.0,7.0,0.0
458,10.0,7.0,0.0
459,11.0,7.0,0.0
460,12.0,7.0,0.0
461,13.0,7.0,0.0
462,14.0,7.0,0.0
463,15.0,7.0,0.0
464,16.0,7.0,0.0
465,17.0,7.0,0.0
466,18.0,7.0,0.0
467,19.0,7.0,0.0
468,20.0,7.0,0.0
469,21.0,7.0,0.0
470,22.0,7.0,0.0
471,23.0,7.0,0.0
472,24.0,7.0,0.0
473,25.0,7.0,0.0
474,26.0,7.0,0.0
475,27.0,7.0,0.0
476,28.0,7.0,0.0
477,29.0,7.0,0.0
478,30.0,7.0,0.0
479,31.0,7.0,0.0
480,32.0,7.0,0.0
481,33.0,7.0,0.0
482,34.0,7.0,0.0
483,35.0,7.0,0.0
484,36.0,7.0,0.0
485,37.0,7.0,0.0
486,38.0,7.0,0.0
487,39.0,7.0,0.0
488,40.0,7.0,0.0
489,41.0,7.0,0.0
490,42.0,7.0,0.0
491,43.0,7.0,0.0
492,44.0,7.0,0.0
493,45.0,7.0,0.0
494,46.0,7.0,0.0
495,47.0,7.0,0.0
496,48.0,7.0,0.0
497,49.0,7.0,0.0
498,50.0,7.0,0.0
499,51.0,7.0,0.0
500,52.0,7.0,0.0
501,53.0,7.0,0.0
502,54.0,7.0,0.0
503,55.0,7.0,0.0
504,56.0,7.0,0.0
505,57.0,7.0,0.0
506,58.0,7.0,0.0
507,59.0,7.0,0.0
508,60.0,7.0,0.0
509,61.0,7.0,0.0
510,62.0,7.0,0.0
511,63.0,7.0,0.0
512,0.0,8.0,0.0
513,1.0,8.0,0.0
514,2.0,8.0,0.0
515,3.0,8.0,0.0
516,4.0,8.0,0.0
517,5.0,8.0,0.0
518,6.0,8.0,0.0
519,7.0,8.0,0.05
520,8.0,8.0,1.0
521,9.0,8.0,0.05
522,10.0,8.0,0.0
523,11.0,8.0,0.0
524,12.0,8.0,0.0
525,13.0,8.0,0.0
526,14.0,8.0,0.0
527,15.0,8.0,0.0
528,16.0,8.0,0.0
529,17.0,8.0,0.0
530,18.0,8.0,0.0
531,19.0,8.0,0.0
532,20.0,8.0,0.0
533,21.0,8.0,0.0
534,22.0,8.0,0.0
535,23.0,8.0,0.0
536,24.0,8.0,0.0
537,25.0,8.0,0.0
538,26.0,8.0,0.0
539,27.0,8.0,0.0
540,28.0,8.0,0.0
541,29.0,8.0,0.0
542,30.0,8.0,0.0
543,31.0,8.0,0.0
544,32.0,8.0,0.0
545,33.0,8.0,0.0
546,34.0,8.0,0.0
547,35.0,8.0,0.0
548,36.0,8.0,0.0
549,37.0,8.0,0.0
550,38.0,8.0,0.0
551,39.0,8.0,0.0
552,40.0,8.0,0.0
553,41.0,8.0,0.0
554,42.0,8.0,0.0
555,43.0,8.0,0.0
556,44.0,8.0,0.0
557,45.0,8.0,0.0
558,46.0,8.0,0.0
559,47.0,8.0,0.0
560,48.0,8.0,0.0
561,49.0,8.0,0.0
562,50.0,8.0,0.0
563,51.0,8.0,0.0
564,52.0,8.0,0.0
565,53.0,8.0,0.0
566,54.0,8.0,0.0
567,55.0,8.0,0.0
568,56.0,8.0,0.0
569,57.0,8.0,0.0
570,58.0,8.0,0.0
571,59.0,8.0,0.0
572,60.0,8.0,0.0
573,61.0,8.0,0.0
574,62.0,8.0,0.0
575,63.0,8.0,0.0
576,0.0,9.0,0.0
577,1.0,9.0,0.0
578,2.0,9.0,0.0
579,3.0,9.0,0.0
580,4.0,9.0,0.0
581,5.0,9.0,0.0
582,6.0,9.0,0.0
583,7.0,9.0,0.0
584,8.0,9.0,0.05
585,9.0,9.0,1.0
586,10.0,9.0,0.05
587,11.0,9.0,0.0
588,12.0,9.0,0.0
589,13.0,9.0,0.0
590,14.0,9.0,0.0
591,15.0,9.0,0.0
592,16.0,9.0,0.0
593,17.0,9.0,0.0
594,18.0,9.0,0.0
595,19.0,9.0,0.0
596,20.0,9.0,0.0
597,21.0,9.0,0.0
598,22.0,9.0,0.0
599,23.0,9.0,0.0
600,24.0,9.0,0.0
601,25.0,9.0,0.0
602,26.0,9.0,0.0
603,27.0,9.0,0.0
604,28.0,9.0,0.0
605,29.0,9.0,0.0
606,30.0,9.0,0.0
607,31.0,9.0,0.0
608,32.0,9.0,0.0
609,33.0,9.0,0.0
610,34.0,9.0,0.0
611,35.0,9.0,0.0
612,36.0,9.0,0.0
613,37.0,9.0,0.0
614,38.0,9.0,0.0
615,39.0,9.0,0.0
616,40.0,9.0,0.0
617,41.0,9.0,0.0
618,42.0,9.0,0.0
619,43.0,9.0,0.0
620,44.0,9.0,0.0
621,45.0,9.0,0.0
622,46.0,9.0,0.0
623,47.0,9.0,0.0
624,48.0,9.0,0.0
625,49.0,9.0,0.0
626,50.0,9.0,0.0
627,51.0,9.0,0.0
628,52.0,9.0,0.0
629,53.0,9.0,0.0
630,54.0,9.0,0.0
631,55.0,9.0,0.0
632,56.0,9.0,0.0
633,57.0,9.0,0.0
634,58.0,9.0,0.0
635,59.0,9.0,0.0
636,60.0,9.0,0.0
637,61.0,9.0,0.0
638,62.0,9.0,0.0
639,63.0,9.0,0.0
640,0.0,10.0,0.0
641,1.0,10.0,0.0
642,2.0,10.0,0.0
643,3.0,10.0,0.0
644,4.0,10.0,0.0
645,5.0,10.0,0.0
646,6.0,10.0,0.0
647,7.0,10.0,0.0
648,8.0,10.0,0.0
649,9.0,10.0,0.05
650,10.0,10.0,1.0
651,11.0,10.0,0.05
652,12.0,10.0,0.0
653,13.0,10.0,0.0
654,14.0,10.0,0.0
655,15.0,10.0,0.0
656,16.0,10.0,0.0
657,17.0,10.0,0.0
658,18.0,10.0,0.0
659,19.0,10.0,0.0
660,20.0,10.0,0.0
661,21.0,10.0,0.0
662,22.0,10.0,0.0
663,23.0,10.0,0.0
664,24.0,10.0,0.0
665,25.0,10.0,0.0
666,26.0,10.0,0.0
667,27.0,10.0,0.0
668,28.0,10.0,0.0
669,29.0,10.0,0.0
670,30.0,10.0,0.0
671,31.0,10.0,0.0
672,32.0,10.0,0.0
673,33.0,10.0,0.0
674,34.0,10.0,0.0
675,35.0,10.0,0.0
676,36.0,10.0,0.0
677,37.0,10.0,0.0
678,38.0,10.0,0.0
679,39.0,10.0,0.0
680,40.0,10.0,0.0
681,41.0,10.0,0.0
682,42.0,10.0,0.0
683,43.0,10.0,0.0
684,44.0,10.0,0.0
685,45.0,10.0,0.0
686,46.0,10.0,0.0
687,47.0,10.0,0.0
688,48.0,10.0,0.0
689,49.0,10.0,0.0
690,50.0,10.0,0.0
691,51.0,10.0,0.0
692,52.0,10.0,0.0
693,53.0,10.0,0.0
694,54.0,10.0,0.0
695,55.0,10.0,0.0
696,56.0,10.0,0.0
697,57.0,10.0,0.0
698,58.0,10.0,0.0
699,59.0,10.0,0.0
700,60.0,10.0,0.0
701,61.0,10.0,0.0
702,62.0,10.0,0.0
703,63.0,10.0,0.0
704,0.0,11.0,0.0
705,1.0,11.0,0.0
706,2.0,11.0,0.0
707,3.0,11.0,0.0
708,4.0,11.0,0.0
709,5.0,11.0,0.0
710,6.0,11.0,0.0
711,7.0,11.0,0.0
712,8.0,11.0,0.0
713,9.0,11.0,0.0
714,10.0,11.0,0.05
715,11.0,11.0,1.0
716,12.0,11.0,0.05
717,13.0,11.0,0.0
718,14.0,11.0,0.0
719,15.0,11.0,0.0
720,16.0,11.0,0.0
721,17.0,11.0,0.0
722,18.0,11.0,0.0
723,19.0,11.0,0.0
724,20.0,11.0,0.0
725,21.0,11.0,0.0
726,22.0,11.0,0.0
727,23.0,11.0,0.0
728,24.0,11.0,0.0
729,25.0,11.0,0.0
730,26.0,11.0,0.0
731,27.0,11.0,0.0
732,28.0,11.0,0.0
733,29.0,11.0,0.0
734,30.0,11.0,0.0
735,31.0,11.0,0.0
736,32.0,11.0,0.0
737,33.0,11.0,0.0
738,34.0,11.0,0.0
739,35.0,11.0,0.0
740,36.0,11.0,0.0
741,37.0,11.0,0.0
742,38.0,11.0,0.0
743,39.0,11.0,0.0
744,40.0,11.0,0.0
745,41.0,11.0,0.0
746,42.0,11.0,0.0
747,43.0,11.0,0.0
748,44.0,11.0,0.0
749,45.0,11.0,0.0
750,46.0,11.0,0.0
751,47.0,11.0,0.0
752,48.0,11.0,0.0
753,49.0,11.0,0.0
754,50.0,11.0,0.0
755,51.0,11.0,0.0
756,52.0,11.0,0.0
757,53.0,11.0,0.0
758,54.0,11.0,0.0
759,55.0,11.0,0.0
760,56.0,11.0,0.0
761,57.0,11.0,0.0
762,58.0,11.0,0.0
763,59.0,11.0,0.0
764,60.0,11.0,0.0
765,61.0,11.0,0.0
766,62.0,11.0,0.0
767,63.0,11.0,0.0
768,0.0,12.0,0.0
769,1.0,12.0,0.0
770,2.0,12.0,0.0
771,3.0,12.0,0.0
772,4.0,12.0,0.0
773,5.0,12.0,0.0
774,6.0,12.0,0.0
775,7.0,12.0,0.0
776,8.0,12.0,0.0
777,9.0,12.0,0.0
778,10.0,12.0,0.0
779,11.0,12.0,0.05
780,12.0,12.0,1.0
781,13.0,12.0,0.05
782,14.0,12.0,0.0
783,15.0,12.0,0.0
784,16.0,12.0,0.0
785,17.0,12.0,0.0
786,18.0,12.0,0.0
787,19.0,12.0,0.0
788,20.0,12.0,0.0
789,21.0,12.0,0.0
790,22.0,12.0,0.0
791,23.0,12.0,0.0
792,24.0,12.0,0.0
793,25.0,12.0,0.0
794,26.0,12.0,0.0
795,27.0,12.0,0.0
796,28.0,12.0,0.0
797,29.0,12.0,0.0
798,30.0,12.0,0.0
799,31.0,12.0,0.0
800,32.0,12.0,0.0
801,33.0,12.0,0.0
802,34.0,12.0,0.0
803,35.0,12.0,0.0
804,36.0,12.0,0.0
805,37.0,12.0,0.0
806,38.0,12.0,0.0
807,39.0,12.0,0.0
808,40.0,12.0,0.0
809,41.0,12.0,0.0
810,42.0,12.0,0.0
811,43.0,12.0,0.0
812,44.0,12.0,0.0
813,45.0,12.0,0.0
814,46.0,12.0,0.0
815,47.0,12.0,0.0
816,48.0,12.0,0.0
817,49.0,12.0,0.0
818,50.0,12.0,0.0
819,51.0,12.0,0.0
820,52.0,12.0,0.0
821,53.0,12.0,0.0
822,54.0,12.0,0.0
823,55.0,12.0,0.0
824,56.0,12.0,0.0
825,57.0,12.0,0.0
826,58.0,12.0,0.0
827,59.0,12.0,0.0
828,60.0,12.0,0.0
829,61.0,12.0,0.0
830,62.0,12.0,0.0
831,63.0,12.0,0.0
832,0.0,13.0,0.0
833,1.0,13.0,0.0
834,2.0,13.0,0.0
835,3.0,13.0,0.0
836,4.0,13.0,0.0
837,5.0,13.0,0.0
838,6.0,13.0,0.0
839,7.0,13.0,0.0
840,8.0,13.0,0.0
841,9.0,13.0,0.0
842,10.0,13.0,0.0
843,11.0,13.0,0.0
844,12.0,13.0,0.05
845,13.0,13.0,1.0
846,14.0,13.0,0.05
847,15.0,13.0,0.0
848,16.0,13.0,0.0
849,17.0,13.0,0.0
850,18.0,13.0,0.0
851,19.0,13.0,0.0
852,20.0,13.0,0.0
853,21.0,13.0,0.0
854,22.0,13.0,0.0
855,23.0,13.0,0.0
856,24.0,13.0,0.0
857,25.0,13.0,0.0
858,26.0,13.0,0.0
859,27.0,13.0,0.0
860,28.0,13.0,0.0
861,29.0,13.0,0.0
862,30.0,13.0,0.0
863,31.0,13.0,0.0
864,32.0,13.0,0.0
865,33.0,13.0,0.0
866,34.0,13.0,0.0
867,35.0,13.0,0.0
868,36.0,13.0,0.0
869,37.0,13.0,0.0
870,38.0,13.0,0.0
871,39.0,13.0,0.0
872,40.0,13.0,0.0
873,41.0,13.0,0.0
874,42.0,13.0,0.0
875,43.0,13.0,0.0
876,44.0,13.0,0.0
877,45.0,13.0,0.0
878,46.0,13.0,0.0
879,47.0,13.0,0.0
880,48.0,13.0,0.0
881,49.0,13.0,0.0
882,50.0,13.0,0.0
883,51.0,13.0,0.0
884,52.0,13.0,0.0
885,53.0,13.0,0.0
886,54.0,13.0,0.0
887,55.0,13.0,0.0
888,56.0,13.0,0.0
889,57.0,13.0,0.0
890,58.0,13.0,0.0
891,59.0,13.0,0.0
892,60.0,13.0,0.0
893,61.0,13.0,0.0
894,62.0,13.0,0.0
895,63.0,13.0,0.0
896,0.0,14.0,0.0
897,1.0,14.0,0.0
898,2.0,14.0,0.0
899,3.0,14.0,0.0
900,4.0,14.0,0.0
901,5.0,14.0,0.0
902,6.0,14.0,0.0
903,7.0,14.0,0.0
904,8.0,14.0,0.0
905,9.0,14.0,0.0
906,10.0,14.0,0.0
907,11.0,14.0,0.0
908,12.0,14.0,0.0
909,13.0,14.0,0.05
910,14.0,14.0,1.0
911,15.0,14.0,0.05
912,16.0,14.0,0.0
913,17.0,14.0,0.0
914,18.0,14.0,0.0
915,19.0,14.0,0.0
916,20.0,14.0,0.0
917,21.0,14.0,0.0
918,22.0,14.0,0.0
919,23.0,14.0,0.0
920,24.0,14.0,0.0
921,25.0,14.0,0.0
922,26.0,14.0,0.0
923,27.0,14.0,0.0
924,28.0,14.0,0.0
925,29.0,14.0,0.0
926,30.0,14.0,0.0
927,31.0,14.0,0.0
928,32.0,14.0,0.0
929,33.0,14.0,0.0
930,34.0,14.0,0.0
931,35.0,14.0,0.0
932,36.0,14.0,0.0
933,37.0,14.0,0.0
934,38.0,14.0,0.0
935,39.0,14.0,0.0
936,40.0,14.0,0.0
937,41.0,14.0,0.0
938,42.0,14.0,0.0
939,43.0,14.0,0.0
940,44.0,14.0,0.0
941,45.0,14.0,0.0
942,46.0,14.0,0.0
943,47.0,14.0,0.0
944,48.0,14.0,0.0
945,49.0,14.0,0.0
946,50.0,14.0,0.0
947,51.0,14.0,0.0
948,52.0,14.0,0.0
949,53.0,14.0,0.0
950,54.0,14.0,0.0
951,55.0,14.0,0.0
952,56.0,14.0,0.0
953,57.0,14.0,0.0
954,58.0,14.0,0.0
955,59.0,14.0,0.0
956,60.0,14.0,0.0
957,61.0,14.0,0.0
958,62.0,14.0,0.0
959,63.0,14.0,0.0
960,0.0,15.0,0.0
961,1.0,15.0,0.0
962,2.0,15.0,0.0
963,3.0,15.0,0.0
964,4.0,15.0,0.0
965,5.0,15.0,0.0
966,6.0,15.0,0.0
967,7.0,15.0,0.0
968,8.0,15.0,0.0
969,9.0,15.0,0.0
970,10.0,15.0,0.0
971,11.0,15.0,0.0
972,12.0,15.0,0.0
973,13.0,15.0,0.0
974,14.0,15.0,0.05
975,15.0,15.0,1.0
976,16.0,15.0,0.05
977,17.0,15.0,0.0
978,18.0,15.0,0.0
979,19.0,15.0,0.0
980,20.0,15.0,0.0
981,21.0,15.0,0.0
982,22.0,15.0,0.0
983,23.0,15.0,0.0
984,24.0,15.0,0.0
985,25.0,15.0,0.0
986,26.0,15.0,0.0
987,27.0,15.0,0.0
988,28.0,15.0,0.0
989,29.0,15.0,0.0
990,30.0,15.0,0.0
991,31.0,15.0,0.0
992,32.0,15.0,0.0
993,33.0,15.0,0.0
994,34.0,15.0,0.0
995,35.0,15.0,0.0
996,36.0,15.0,0.0
997,37.0,15.0,0.0
998,38.0,15.0,0.0
999,39.0,15.0,0.0
1000,40.0,15.0,0.0
1001,41.0,15.0,0.0
1002,42.0,15.0,0.0
1003,43.0,15.0,0.0
1004,44.0,15.0,0.0
1005,45.0,15.0,0.0
1006,46.0,15.0,0.0
1007,47.0,15.0,0.0
1008,48.0,15.0,0.0
1009,49.0,15.0,0.0
1010,50.0,15.0,0.0
1011,51.0,15.0,0.0
1012,52.0,15.0,0.0
1013,53.0,15.0,0.0
1014,54.0,15.0,0.0
1015,55.0,15.0,0.0
1016,56.0,15.0,0.0
1017,57.0,15.0,0.0
1018,58.0,15.0,0.0
1019,59.0,15.0,0.0
1020,60.0,15.0,0.0
1021,61.0,15.0,0.0
1022,62.0,15.0,0.0
1023,63.0,15.0,0.0
1024,0.0,16.0,0.0
1025,1.0,16.0,0.0
1026,2.0,16.0,0.0
1027,3.0,16.0,0.0
1028,4.0,16.0,0.0
1029,5.0,16.0,0.0
1030,6.0,16.0,0.0
1031,7.0,16.0,0.0
1032,8.0,16.0,0.0
1033,9.0,16.0,0.0
1034,10.0,16.0,0.0
1035,11.0,16.0,0.0
1036,12.0,16.0,0.0
1037,13.0,16.0,0.0
1038,14.0,16.0,0.0
1039,15.0,16.0,0.05
1040,16.0,16.0,1.0
1041,17.0,16.0,0.05
1042,18.0,16.0,0.0
1043,19.0,16.0,0.0
1044,20.0,16.0,0.0
1045,21.0,16.0,0.0
1046,22.0,16.0,0.0
1047,23.0,16.0,0.0
1048,24.0,16.0,0.0
1049,25.0,16.0,0.0
1050,26.0,16.0,0.0
1051,27.0,16.0,0.0
1052,28.0,16.0,0.0
1053,29.0,16.0,0.0
1054,30.0,16.0,0.0
1055,31.0,16.0,0.0
1056,32.0,16.0,0.0
1057,33.0,16.0,0.0
1058,34.0,16.0,0.0
1059,35.0,16.0,0.0
1060,36.0,16.0,0.0
1061,37.0,16.0,0.0
1062,38.0,16.0,0.0
1063,39.0,16.0,0.0
1064,40.0,16.0,0.0
1065,41.0,16.0,0.0
1066,42.0,16.0,0.0
1067,43.0,16.0,0.0
1068,44.0,16.0,0.0
1069,45.0,16.0,0.0
1070,46.0,16.0,0.0
1071,47.0,16.0,0.0
1072,48.0,16.0,0.0
1073,49.0,16.0,0.0
1074,50.0,16.0,0.0
1075,51.0,16.0,0.0
1076,52.0,16.0,0.0
1077,53.0,16.0,0.0
1078,54.0,16.0,0.0
1079,55.0,16.0,0.0
1080,56.0,16.0,0.0
1081,57.0,16.0,0.0
1082,58.0,16.0,0.0
1083,59.0,16.0,0.0
1084,60.0,16.0,0.0
1085,61.0,16.0,0.0
1086,62.0,16.0,0.0
1087,63.0,16.0,0.0
1088,0.0,17.0,0.0
1089,1.0,17.0,0.0
1090,2.0,17.0,0.0
1091,3.0,17.0,0.0
1092,4.0,17.0,0.0
1093,5.0,17.0,0.0
1094,6.0,17.0,0.0
1095,7.0,17.0,0.0
1096,8.0,17.0,0.0
1097,9.0,17.0,0.0
1098,10.0,17.0,0.0
1099,11.0,17.0,0.0
1100,12.0,17.0,0.0
1101,13.0,17.0,0.0
1102,14.0,17.0,0.0
1103,15.0,17.0,0.0
1104,16.0,17.0,0.05
1105,17.0,17.0,1.0
1106,18.0,17.0,0.05
1107,19.0,17.0,0.0
1108,20.0,17.0,0.0
1109,21.0,17.0,0.0
1110,22.0,17.0,0.0
1111,23.0,17.0,0.0
1112,24.0,17.0,0.0
1113,25.0,17.0,0.0
1114,26.0,17.0,0.0
1115,27.0,17.0,0.0
1116,28.0,17.0,0.0
1117,29.0,17.0,0.0
1118,30.0,17.0,0.0
1119,31.0,17.0,0.0
1120,32.0,17.0,0.0
1121,33.0,17.0,0.0
1122,34.0,17.0,0.0
1123,35.0,17.0,0.0
1124,36.0,17.0,0.0
1125,37.0,17.0,0.0
1126,38.0,17.0,0.0
1127,39.0,17.0,0.0
1128,40.0,17.0,0.0
1129,41.0,17.0,0.0
1130,42.0,17.0,0.0
1131,43.0,17.0,0.0
1132,44.0,17.0,0.0
1133,45.0,17.0,0.0
1134,46.0,17.0,0.0
1135,47.0,17.0,0.0
1136,48.0,17.0,0.0
1137,49.0,17.0,0.0
1138,50.0,17.0,0.0
1139,51.0,17.0,0.0
1140,52.0,17.0,0.0
1141,53.0,17.0,0.0
1142,54.0,17.0,0.0
1143,55.0,17.0,0.0
1144,56.0,17.0,0.0
1145,57.0,17.0,0.0
1146,58.0,17.0,0.0
1147,59.0,17.0,0.0
1148,60.0,17.0,0.0
1149,61.0,17.0,0.0
1150,62.0,17.0,0.0
1151,63.0,17.0,0.0
1152,0.0,18.0,0.0
1153,1.0,18.0,0.0
1154,2.0,18.0,0.0
1155,3.0,18.0,0.0
1156,4.0,18.0,0.0
1157,5.0,18.0,0.0
1158,6.0,18.0,0.0
1159,7.0,18.0,0.0
1160,8.0,18.0,0.0
1161,9.0,18.0,0.0
1162,10.0,18.0,0.0
1163,11.0,18.0,0.0
1164,12.0,18.0,0.0
1165,13.0,18.0,0.0
1166,14.0,18.0,0.0
1167,15.0,18.0,0.0
1168,16.0,18.0,0.0
1169,17.0,18.0,0.05
1170,18.0,18.0,1.0
1171,19.0,18.0,0.05
1172,20.0,18.0,0.0
1173,21.0,18.0,0.0
1174,22.0,18.0,0.0
1175,23.0,18.0,0.0
1176,24.0,18.0,0.0
1177,25.0,18.0,0.0
1178,26.0,18.0,0.0
1179,27.0,18.0,0.0
1180,28.0,18.0,0.0
1181,29.0,18.0,0.0
1182,30.0,18.0,0.0
1183,31.0,18.0,0.0
1184,32.0,18.0,0.0
1185,33.0,18.0,0.0
1186,34.0,18.0,0.0
1187,35.0,18.0,0.0
1188,36.0,18.0,0.0
1189,37.0,18.0,0.0
1190,38.0,18.0,0.0
1191,39.0,18.0,0.0
1192,40.0,18.0,0.0
1193,41.0,18.0,0.0
1194,42.0,18.0,0.0
1195,43.0,18.0,0.0
1196,44.0,18.0,0.0
1197,45.0,18.0,0.0
1198,46.0,18.0,0.0
1199,47.0,18.0,0.0
1200,48.0,18.0,0.0
1201,49.0,18.0,0.0
1202,50.0,18.0,0.0
1203,51.0,18.0,0.0
1204,52.0,18.0,0.0
1205,53.0,18.0,0.0
1206,54.0,18.0,0.0
1207,55.0,18.0,0.0
1208,56.0,18.0,0.0
1209,57.0,18.0,0.0
1210,58.0,18.0,0.0
1211,59.0,18.0,0.0
1212,60.0,18.0,0.0
1213,61.0,18.0,0.0
1214,62.0,18.0,0.0
1215,63.0,18.0,0.0
1216,0.0,19.0,0.0
1217,1.0,19.0,0.0
1218,2.0,19.0,0.0
1219,3.0,19.0,0.0
1220,4.0,19.0,0.0
1221,5.0,19.0,0.0
1222,6.0,19.0,0.0
1223,7.0,19.0,0.0
1224,8.0,19.0,0.0
1225,9.0,19.0,0.0
1226,10.0,19.0,0.0
1227,11.0,19.0,0.0
1228,12.0,19.0,0.0
1229,13.0,19.0,0.0
1230,14.0,19.0,0.0
1231,15.0,19.0,0.0
1232,16.0,19.0,0.0
1233,17.0,19.0,0.0
1234,18.0,19.0,0.05
1235,19.0,19.0,1.0
1236,20.0,19.0,0.05
1237,21.0,19.0,0.0
1238,22.0,19.0,0.0
1239,23.0,19.0,0.0
1240,24.0,19.0,0.0
1241,25.0,19.0,0.0
1242,26.0,19.0,0.0
1243,27.0,19.0,0.0
1244,28.0,19.0,0.0
1245,29.0,19.0,0.0
1246,30.0,19.0,0.0
1247,31.0,19.0,0.0
1248,32.0,19.0,0.0
1249,33.0,19.0,0.0
1250,34.0,19.0,0.0
1251,35.0,19.0,0.0
1252,36.0,19.0,0.0
1253,37.0,19.0,0.0
1254,38.0,19.0,0.0
1255,39.0,19.0,0.0
1256,40.0,19.0,0.0
1257,41.0,19.0,0.0
1258,42.0,19.0,0.0
1259,43.0,19.0,0.0
1260,44.0,19.0,0.0
1261,45.0,19.0,0.0
1262,46.0,19.0,0.0
1263,47.0,19.0,0.0
1264,48.0,19.0,0.0
1265,49.0,19.0,0.0
1266,50.0,19.0,0.0
1267,51.0,19.0,0.0
1268,52.0,19.0,0.0
1269,53.0,19.0,0.0
1270,54.0,19.0,0.0
1271,55.0,19.0,0.0
1272,56.0,19.0,0.0
1273,57.0,19.0,0.0
1274,58.0,19.0,0.0
1275,59.0,19.0,0.0
1276,60.0,19.0,0.0
1277,61.0,19.0,0.0
1278,62.0,19.0,0.0
1279,63.0,19.0,0.0
1280,0.0,20.0,0.0
1281,1.0,20.0,0.0
1282,2.0,20.0,0.0
1283,3.0,20.0,0.0
1284,4.0,20.0,0.0
1285,5.0,20.0,0.0
1286,6.0,20.0,0.0
1287,7.0,20.0,0.0
1288,8.0,20.0,0.0
1289,9.0,20.0,0.0
1290,10.0,20.0,0.0
1291,11.0,20.0,0.0
1292,12.0,20.0,0.0
1293,13.0,20.0,0.0
1294,14.0,20.0,0.0
1295,15.0,20.0,0.0
1296,16.0,20.0,0.0
1297,17.0,20.0,0.0
1298,18.0,20.0,0.0
1299,19.0,20.0,0.05
1300,20.0,20.0,1.0
1301,21.0,20.0,0.05
1302,22.0,20.0,0.0
1303,23.0,20.0,0.0
1304,24.0,20.0,0.0
1305,25.0,20.0,0.0
1306,26.0,20.0,0.0
1307,27.0,20.0,0.0
1308,28.0,20.0,0.0
1309,29.0,20.0,0.0
1310,30.0,20.0,0.0
1311,31.0,20.0,0.0
1312,32.0,20.0,0.0
1313,33.0,20.0,0.0
1314,34.0,20.0,0.0
1315,35.0,20.0,0.0
1316,36.0,20.0,0.0
1317,37.0,20.0,0.0
1318,38.0,20.0,0.0
1319,39.0,20.0,0.0
1320,40.0,20.0,0.0
1321,41.0,20.0,0.0
1322,42.0,20.0,0.0
1323,43.0,20.0,0.0
1324,44.0,20.0,0.0
1325,45.0,20.0,0.0
1326,46.0,20.0,0.0
1327,47.0,20.0,0.0
1328,48.0,20.0,0.0
1329,49.0,20.0,0.0
1330,50.0,20.0,0.0
1331,51.0,20.0,0.0
1332,52.0,20.0,0.0
1333,53.0,20.0,0.0
1334,54.0,20.0,0.0
1335,55.0,20.0,0.0
1336,56.0,20.0,0.0
1337,57.0,20.0,0.0
1338,58.0,20.0,0.0
1339,59.0,20.0,0.0
1340,60.0,20.0,0.0
1341,61.0,20.0,0.0
1342,62.0,20.0,0.0
1343,63.0,20.0,0.0
1344,0.0,21.0,0.0
1345,1.0,21.0,0.0
1346,2.0,21.0,0.0
1347,3.0,21.0,0.0
1348,4.0,21.0,0.0
1349,5.0,21.0,0.0
1350,6.0,21.0,0.0
1351,7.0,21.0,0.0
1352,8.0,21.0,0.0
1353,9.0,21.0,0.0
1354,10.0,21.0,0.0
1355,11.0,21.0,0.0
1356,12.0,21.0,0.0
1357,13.0,21.0,0.0
1358,14.0,21.0,0.0
1359,15.0,21.0,0.0
1360,16.0,21.0,0.0
1361,17.0,21.0,0.0
1362,18.0,21.0,0.0
1363,19.0,21.0,0.0
1364,20.0,21.0,0.05
1365,21.0,21.0,1.0
1366,22.0,21.0,0.05
1367,23.0,21.0,0.0
1368,24.0,21.0,0.0
1369,25.0,21.0,0.0
1370,26.0,21.0,0.0
1371,27.0,21.0,0.0
1372,28.0,21.0,0.0
1373,29.0,21.0,0.0
1374,30.0,21.0,0.0
1375,31.0,21.0,0.0
1376,32.0,21.0,0.0
1377,33.0,21.0,0.0
1378,34.0,21.0,0.0
1379,35.0,21.0,0.0
1380,36.0,21.0,0.0
1381,37.0,21.0,0.0
1382,38.0,21.0,0.0
1383,39.0,21.0,0.0
1384,40.0,21.0,0.0
1385,41.0,21.0,0.0
1386,42.0,21.0,0.0
1387,43.0,21.0,0.0
1388,44.0,21.0,0.0
1389,45.0,21.0,0.0
1390,46.0,21.0,0.0
1391,47.0,21.0,0.0
1392,48.0,21.0,0.0
1393,49.0,21.0,0.0
1394,50.0,21.0,0.0
1395,51.0,21.0,0.0
1396,52.0,21.0,0.0
1397,53.0,21.0,0.0
1398,54.0,21.0,0.0
1399,55.0,21.0,0.0
1400,56.0,21.0,0.0
1401,57.0,21.0,0.0
1402,58.0,21.0,0.0
1403,59.0,21.0,0.0
1404,60.0,21.0,0.0
1405,61.0,21.0,0.0
1406,62.0,21.0,0.0
1407,63.0,21.0,0.0
1408,0.0,22.0,0.0
1409,1.0,22.0,0.0
1410,2.0,22.0,0.0
1411,3.0,22.0,0.0
1412,4.0,22.0,0.0
1413,5.0,22.0,0.0
1414,6.0,22.0,0.0
1415,7.0,22.0,0.0
1416,8.0,22.0,0.0
1417,9.0,22.0,0.0
1418,10.0,22.0,0.0
1419,11.0,22.0,0.0
1420,12.0,22.0,0.0
1421,13.0,22.0,0.0
1422,14.0,22.0,0.0
1423,15.0,22.0,0.0
1424,16.0,22.0,0.0
1425,17.0,22.0,0.0
1426,18.0,22.0,0.0
1427,19.0,22.0,0.0
1428,20.0,22.0,0.0
1429,21.0,22.0,0.05
1430,22.0,22.0,1.0
1431,23.0,22.0,0.05
1432,24.0,22.0,0.0
1433,25.0,22.0,0.0
1434,26.0,22.0,0.0
1435,27.0,22.0,0.0
1436,28.0,22.0,0.0
1437,29.0,22.0,0.0
1438,30.0,22.0,0.0
1439,31.0,22.0,0.0
1440,32.0,22.0,0.0
1441,33.0,22.0,0.0
1442,34.0,22.0,0.0
1443,35.0,22.0,0.0
1444,36.0,22.0,0.0
1445,37.0,22.0,0.0
1446,38.0,22.0,0.0
1447,39.0,22.0,0.0
1448,40.0,22.0,0.0
1449,41.0,22.0,0.0
1450,42.0,22.0,0.0
1451,43.0,22.0,0.0
1452,44.0,22.0,0.0
1453,45.0,22.0,0.0
1454,46.0,22.0,0.0
1455,47.0,22.0,0.0
1456,48.0,22.0,0.0
1457,49.0,22.0,0.0
1458,50.0,22.0,0.0
1459,51.0,22.0,0.0
1460,52.0,22.0,0.0
1461,53.0,22.0,0.0
1462,54.0,22.0,0.0
1463,55.0,22.0,0.0
1464,56.0,22.0,0.0
1465,57.0,22.0,0.0
1466,58.0,22.0,0.0
1467,59.0,22.0,0.0
1468,60.0,22.0,0.0
1469,61.0,22.0,0.0
1470,62.0,22.0,0.0
1471,63.0,22.0,0.0
1472,0.0,23.0,0.0
1473,1.0,23.0,0.0
1474,2.0,23.0,0.0
1475,3.0,23.0,0.0
1476,4.0,23.0,0.0
1477,5.0,23.0,0.0
1478,6.0,23.0,0.0
1479,7.0,23.0,0.0
1480,8.0,23.0,0.0
1481,9.0,23.0,0.0
1482,10.0,23.0,0.0
1483,11.0,23.0,0.0
1484,12.0,23.0,0.0
1485,13.0,23.0,0.0
1486,14.0,23.0,0.0
1487,15.0,23.0,0.0
1488,16.0,23.0,0.0
1489,17.0,23.0,0.0
1490,18.0,23.0,0.0
1491,19.0,23.0,0.0
1492,20.0,23.0,0.0
1493,21.0,23.0,0.0
1494,22.0,23.0,0.05
1495,23.0,23.0,1.0
1496,24.0,23.0,0.05
1497,25.0,23.0,0.0
1498,26.0,23.0,0.0
1499,27.0,23.0,0.0
1500,28.0,23.0,0.0
1501,29.0,23.0,0.0
1502,30.0,23.0,0.0
1503,31.0,23.0,0.0
1504,32.0,23.0,0.0
1505,33.0,23.0,0.0
1506,34.0,23.0,0.0
1507,35.0,23.0,0.0
1508,36.0,23.0,0.0
1509,37.0,23.0,0.0
1510,38.0,23.0,0.0
1511,39.0,23.0,0.0
1512,40.0,23.0,0.0
1513,41.0,23.0,0.0
1514,42.0,23.0,0.0
1515,43.0,23.0,0.0
1516,44.0,23.0,0.0
1517,45.0,23.0,0.0
1518,46.0,23.0,0.0
1519,47.0,23.0,0.0
1520,48.0,23.0,0.0
1521,49.0,23.0,0.0
1522,50.0,23.0,0.0
1523,51.0,23.0,0.0
1524,52.0,23.0,0.0
1525,53.0,23.0,0.0
1526,54.0,23.0,0.0
1527,55.0,23.0,0.0
1528,56.0,23.0,0.0
1529,57.0,23.0,0.0
1530,58.0,23.0,0.0
1531,59.0,23.0,0.0
1532,60.0,23.0,0.0
1533,61.0,23.0,0.0
1534,62.0,23.0,0.0
1535,63.0,23.0,0.0
1536,0.0,24.0,0.0
1537,1.0,24.0,0.0
1538,2.0,24.0,0.0
1539,3.0,24.0,0.0
1540,4.0,24.0,0.0
1541,5.0,24.0,0.0
1542,6.0,24.0,0.0
1543,7.0,24.0,0.0
1544,8.0,24.0,0.0
1545,9.0,24.0,0.0
1546,10.0,24.0,0.0
1547,11.0,24.0,0.0
1548,12.0,24.0,0.0
1549,13.0,24.0,0.0
1550,14.0,24.0,0.0
1551,15.0,24.0,0.0
1552,16.0,24.0,0.0
1553,17.0,24.0,0.0
1554,18.0,24.0,0.0
1555,19.0,24.0,0.0
1556,20.0,24.0,0.0
1557,21.0,24.0,0.0
1558,22.0,24.0,0.0
1559,23.0,24.0,0.05
1560,24.0,24.0,1.0
1561,25.0,24.0,0.05
1562,26.0,24.0,0.0
1563,27.0,24.0,0.0
1564,28.0,24.0,0.0
1565,29.0,24.0,0.0
1566,30.0,24.0,0.0
1567,31.0,24.0,0.0
1568,32.0,24.0,0.0
1569,33.0,24.0,0.0
1570,34.0,24.0,0.0
1571,35.0,24.0,0.0
1572,36.0,24.0,0.0
1573,37.0,24.0,0.0
1574,38.0,24.0,0.0
1575,39.0,24.0,0.0
1576,40.0,24.0,0.0
1577,41.0,24.0,0.0
1578,42.0,24.0,0.0
1579,43.0,24.0,0.0
1580,44.0,24.0,0.0
1581,45.0,24.0,0.0
1582,46.0,24.0,0.0
1583,47.0,24.0,0.0
1584,48.0,24.0,0.0
1585,49.0,24.0,0.0
1586,50.0,24.0,0.0
1587,51.0,24.0,0.0
1588,52.0,24.0,0.0
1589,53.0,24.0,0.0
1590,54.0,24.0,0.0
1591,55.0,24.0,0.0
1592,56.0,24.0,0.0
1593,57.0,24.0,0.0
1594,58.0,24.0,0.0
1595,59.0,24.0,0.0
1596,60.0,24.0,0.0
1597,61.0,24.0,0.0
1598,62.0,24.0,0.0
1599,63.0,24.0,0.0
1600,0.0,25.0,0.0
1601,1.0,25.0,0.0
1602,2.0,25.0,0.0
1603,3.0,25.0,0.0
1604,4.0,25.0,0.0
1605,5.0,25.0,0.0
1606,6.0,25.0,0.0
1607,7.0,25.0,0.0
1608,8.0,25.0,0.0
1609,9.0,25.0,0.0
1610,10.0,25.0,0.0
1611,11.0,25.0,0.0
1612,12.0,25.0,0.0
1613,13.0,25.0,0.0
1614,14.0,25.0,0.0
1615,15.0,25.0,0.0
1616,16.0,25.0,0.0
1617,17.0,25.0,0.0
1618,18.0,25.0,0.0
1619,19.0,25.0,0.0
1620,20.0,25.0,0.0
1621,21.0,25.0,0.0
1622,22.0,25.0,0.0
1623,23.0,25.0,0.0
1624,24.0,25.0,0.05
1625,25.0,25.0,1.0
1626,26.0,25.0,0.05
1627,27.0,25.0,0.0
1628,28.0,25.0,0.0
1629,29.0,25.0,0.0
1630,30.0,25.0,0.0
1631,31.0,25.0,0.0
1632,32.0,25.0,0.0
1633,33.0,25.0,0.0
1634,34.0,25.0,0.0
1635,35.0,25.0,0.0
1636,36.0,25.0,0.0
1637,37.0,25.0,0.0
1638,38.0,25.0,0.0
1639,39.0,25.0,0.0
1640,40.0,25.0,0.0
1641,41.0,25.0,0.0
1642,42.0,25.0,0.0
1643,43.0,25.0,0.0
1644,44.0,25.0,0.0
1645,45.0,25.0,0.0
1646,46.0,25.0,0.0
1647,47.0,25.0,0.0
1648,48.0,25.0,0.0
1649,49.0,25.0,0.0
1650,50.0,25.0,0.0
1651,51.0,25.0,0.0
1652,52.0,25.0,0.0
1653,53.0,25.0,0.0
1654,54.0,25.0,0.0
1655,55.0,25.0,0.0
1656,56.0,25.0,0.0
1657,57.0,25.0,0.0
1658,58.0,25.0,0.0
1659,59.0,25.0,0.0
1660,60.0,25.0,0.0
1661,61.0,25.0,0.0
1662,62.0,25.0,0.0
1663,63.0,25.0,0.0
1664,0.0,26.0,0.0
1665,1.0,26.0,0.0
1666,2.0,26.0,0.0
1667,3.0,26.0,0.0
1668,4.0,26.0,0.0
1669,5.0,26.0,0.0
1670,6.0,26.0,0.0
1671,7.0,26.0,0.0
1672,8.0,26.0,0.0
1673,9.0,26.0,0.0
1674,10.0,26.0,0.0
1675,11.0,26.0,0.0
1676,12.0,26.0,0.0
1677,13.0,26.0,0.0
1678,14.0,26.0,0.0
1679,15.0,26.0,0.0
1680,16.0,26.0,0.0
1681,17.0,26.0,0.0
1682,18.0,26.0,0.0
1683,19.0,26.0,0.0
1684,20.0,26.0,0.0
1685,21.0,26.0,0.0
1686,22.0,26.0,0.0
1687,23.0,26.0,0.0
1688,24.0,26.0,0.0
1689,25.0,26.0,0.05
1690,26.0,26.0,1.0
1691,27.0,26.0,0.05
1692,28.0,26.0,0.0
1693,29.0,26.0,0.0
1694,30.0,26.0,0.0
1695,31.0,26.0,0.0
1696,32.0,26.0,0.0
1697,33.0,26.0,0.0
1698,34.0,26.0,0.0
1699,35.0,26.0,0.0
1700,36.0,26.0,0.0
1701,37.0,26.0,0.0
1702,38.0,26.0,0.0
1703,39.0,26.0,0.0
1704,40.0,26.0,0.0
1705,41.0,26.0,0.0
1706,42.0,26.0,0.0
1707,43.0,26.0,0.0
1708,44.0,26.0,0.0
1709,45.0,26.0,0.0
1710,46.0,26.0,0.0
1711,47.0,26.0,0.0
1712,48.0,26.0,0.0
1713,49.0,26.0,0.0
1714,50.0,26.0,0.0
1715,51.0,26.0,0.0
1716,52.0,26.0,0.0
1717,53.0,26.0,0.0
1718,54.0,26.0,0.0
1719,55.0,26.0,0.0
1720,56.0,26.0,0.0
1721,57.0,26.0,0.0
1722,58.0,26.0,0.0
1723,59.0,26.0,0.0
1724,60.0,26.0,0.0
1725,61.0,26.0,0.0
1726,62.0,26.0,0.0
1727,63.0,26.0,0.0
1728,0.0,27.0,0.0
1729,1.0,27.0,0.0
1730,2.0,27.0,0.0
1731,3.0,27.0,0.0
1732,4.0,27.0,0.0
1733,5.0,27.0,0.0
1734,6.0,27.0,0.0
1735,7.0,27.0,0.0
1736,8.0,27.0,0.0
1737,9.0,27.0,0.0
1738,10.0,27.0,0.0
1739,11.0,27.0,0.0
1740,12.0,27.0,0.0
1741,13.0,27.0,0.0
1742,14.0,27.0,0.0
1743,15.0,27.0,0.0
1744,16.0,27.0,0.0
1745,17.0,27.0,0.0
1746,18.0,27.0,0.0
1747,19.0,27.0,0.0
1748,20.0,27.0,0.0
1749,21.0,27.0,0.0
1750,22.0,27.0,0.0
1751,23.0,27.0,0.0
1752,24.0,27.0,0.0
1753,25.0,27.0,0.0
1754,26.0,27.0,0.05
1755,27.0,27.0,1.0
1756,28.0,27.0,0.05
1757,29.0,27.0,0.0
1758,30.0,27.0,0.0
1759,31.0,27.0,0.0
1760,32.0,27.0,0.0
1761,33.0,27.0,0.0
1762,34.0,27.0,0.0
1763,35.0,27.0,0.0
1764,36.0,27.0,0.0
1765,37.0,27.0,0.0
1766,38.0,27.0,0.0
1767,39.0,27.0,0.0
1768,40.0,27.0,0.0
1769,41.0,27.0,0.0
1770,42.0,27.0,0.0
1771,43.0,27.0,0.0
1772,44.0,27.0,0.0
1773,45.0,27.0,0.0
1774,46.0,27.0,0.0
1775,47.0,27.0,0.0
1776,48.0,27.0,0.0
1777,49.0,27.0,0.0
1778,50.0,27.0,0.0
1779,51.0,27.0,0.0
1780,52.0,27.0,0.0
1781,53.0,27.0,0.0
1782,54.0,27.0,0.0
1783,55.0,27.0,0.0
1784,56.0,27.0,0.0
1785,57.0,27.0,0.0
1786,58.0,27.0,0.0
1787,59.0,27.0,0.0
1788,60.0,27.0,0.0
1789,61.0,27.0,0.0
1790,62.0,27.0,0.0
1791,63.0,27.0,0.0
1792,0.0,28.0,0.0
1793,1.0,28.0,0.0
1794,2.0,28.0,0.0
1795,3.0,28.0,0.0
1796,4.0,28.0,0.0
1797,5.0,28.0,0.0
1798,6.0,28.0,0.0
1799,7.0,28.0,0.0
1800,8.0,28.0,0.0
1801,9.0,28.0,0.0
1802,10.0,28.0,0.0
1803,11.0,28.0,0.0
1804,12.0,28.0,0.0
1805,13.0,28.0,0.0
1806,14.0,28.0,0.0
1807,15.0,28.0,0.0
1808,16.0,28.0,0.0
1809,17.0,28.0,0.0
1810,18.0,28.0,0.0
1811,19.0,28.0,0.0
1812,20.0,28.0,0.0
1813,21.0,28.0,0.0
1814,22.0,28.0,0.0
1815,23.0,28.0,0.0
1816,24.0,28.0,0.0
1817,25.0,28.0,0.0
1818,26.0,28.0,0.0
1819,27.0,28.0,0.05
1820,28.0,28.0,1.0
1821,29.0,28.0,0.05
1822,30.0,28.0,0.0
1823,31.0,28.0,0.0
1824,32.0,28.0,0.0
1825,33.0,28.0,0.0
1826,34.0,28.0,0.0
1827,35.0,28.0,0.0
1828,36.0,28.0,0.0
1829,37.0,28.0,0.0
1830,38.0,28.0,0.0
1831,39.0,28.0,0.0
1832,40.0,28.0,0.0
1833,41.0,28.0,0.0
1834,42.0,28.0,0.0
1835,43.0,28.0,0.0
1836,44.0,28.0,0.0
1837,45.0,28.0,0.0
1838,46.0,28.0,0.0
1839,47.0,28.0,0.0
1840,48.0,28.0,0.0
1841,49.0,28.0,0.0
1842,50.0,28.0,0.0
1843,51.0,28.0,0.0
1844,52.0,28.0,0.0
1845,53.0,28.0,0.0
1846,54.0,28.0,0.0
1847,55.0,28.0,0.0
1848,56.0,28.0,0.0
1849,57.0,28.0,0.0
1850,58.0,28.0,0.0
1851,59.0,28.0,0.0
1852,60.0,28.0,0.0
1853,61.0,28.0,0.0
1854,62.0,28.0,0.0
1855,63.0,28.0,0.0
1856,0.0,29.0,0.0
1857,1.0,29.0,0.0
1858,2.0,29.0,0.0
1859,3.0,29.0,0.0
1860,4.0,29.0,0.0
1861,5.0,29.0,0.0
1862,6.0,29.0,0.0
1863,7.0,29.0,0.0
1864,8.0,29.0,0.0
1865,9.0,29.0,0.0
1866,10.0,29.0,0.0
1867,11.0,29.0,0.0
1868,12.0,29.0,0.0
1869,13.0,29.0,0.0
1870,14.0,29.0,0.0
1871,15.0,29.0,0.0
1872,16.0,29.0,0.0
1873,17.0,29.0,0.0
1874,18.0,29.0,0.0
1875,19.0,29.0,0.0
1876,20.0,29.0,0.0
1877,21.0,29.0,0.0
1878,22.0,29.0,0.0
1879,23.0,29.0,0.0
1880,24.0,29.0,0.0
1881,25.0,29.0,0.0
1882,26.0,29.0,0.0
1883,27.0,29.0,0.0
1884,28.0,29.0,0.05
1885,29.0,29.0,1.0
1886,30.0,29.0,0.05
1887,31.0,29.0,0.0
1888,32.0,29.0,0.0
1889,33.0,29.0,0.0
1890,34.0,29.0,0.0
1891,35.0,29.0,0.0
1892,36.0,29.0,0.0
1893,37.0,29.0,0.0
1894,38.0,29.0,0.0
1895,39.0,29.0,0.0
1896,40.0,29.0,0.0
1897,41.0,29.0,0.0
1898,42.0,29.0,0.0
1899,43.0,29.0,0.0
1900,44.0,29.0,0.0
1901,45.0,29.0,0.0
1902,46.0,29.0,0.0
1903,47.0,29.0,0.0
1904,48.0,29.0,0.0
1905,49.0,29.0,0.0
1906,50.0,29.0,0.0
1907,51.0,29.0,0.0
1908,52.0,29.0,0.0
1909,53.0,29.0,0.0
1910,54.0,29.0,0.0
1911,55.0,29.0,0.0
1912,56.0,29.0,0.0
1913,57.0,29.0,0.0
1914,58.0,29.0,0.0
1915,59.0,29.0,0.0
1916,60.0,29.0,0.0
1917,61.0,29.0,0.0
1918,62.0,29.0,0.0
1919,63.0,29.0,0.0
1920,0.0,30.0,0.0
1921,1.0,30.0,0.0
1922,2.0,30.0,0.0
1923,3.0,30.0,0.0
1924,4.0,30.0,0.0
1925,5.0,30.0,0.0
1926,6.0,30.0,0.0
1927,7.0,30.0,0.0
1928,8.0,30.0,0.0
1929,9.0,30.0,0.0
1930,10.0,30.0,0.0
1931,11.0,30.0,0.0
1932,12.0,30.0,0.0
1933,13.0,30.0,0.0
1934,14.0,30.0,0.0
1935,15.0,30.0,0.0
1936,16.0,30.0,0.0
1937,17.0,30.0,0.0
1938,18.0,30.0,0.0
1939,19.0,30.0,0.0
1940,20.0,30.0,0.0
1941,21.0,30.0,0.0
1942,22.0,30.0,0.0
1943,23.0,30.0,0.0
1944,24.0,30.0,0.0
1945,25.0,30.0,0.0
1946,26.0,30.0,0.0
1947,27.0,30.0,0.0
1948,28.0,30.0,0.0
1949,29.0,30.0,0.05
1950,30.0,30.0,1.0
1951,31.0,30.0,0.05
1952,32.0,30.0,0.0
1953,33.0,30.0,0.0
1954,34.0,30.0,0.0
1955,35.0,30.0,0.0
1956,36.0,30.0,0.0
1957,37.0,30.0,0.0
1958,38.0,30.0,0.0
1959,39.0,30.0,0.0
1960,40.0,30.0,0.0
1961,41.0,30.0,0.0
1962,42.0,30.0,0.0
1963,43.0,30.0,0.0
1964,44.0,30.0,0.0
1965,45.0,30.0,0.0
1966,46.0,30.0,0.0
1967,47.0,30.0,0.0
1968,48.0,30.0,0.0
1969,49.0,30.0,0.0
1970,50.0,30.0,0.0
1971,51.0,30.0,0.0
1972,52.0,30.0,0.0
1973,53.0,30.0,0.0
1974,54.0,30.0,0.0
1975,55.0,30.0,0.0
1976,56.0,30.0,0.0
1977,57.0,30.0,0.0
1978,58.0,30.0,0.0
1979,59.0,30.0,0.0
1980,60.0,30.0,0.0
1981,61.0,30.0,0.0
1982,62.0,30.0,0.0
1983,63.0,30.0,0.0
1984,0.0,31.0,0.0
1985,1.0,31.0,0.0
1986,2.0,31.0,0.0
1987,3.0,31.0,0.0
1988,4.0,31.0,0.0
1989,5.0,31.0,0.0
1990,6.0,31.0,0.0
1991,7.0,31.0,0.0
1992,8.0,31.0,0.0
1993,9.0,31.0,0.0
1994,10.0,31.0,0.0
1995,11.0,31.0,0.0
1996,12.0,31.0,0.0
1997,13.0,31.0,0.0
1998,14.0,31.0,0.0
1999,15.0,31.0,0.0
2000,16.0,31.0,0.0
2001,17.0,31.0,0.0
2002,18.0,31.0,0.0
2003,19.0,31.0,0.0
2004,20.0,31.0,0.0
2005,21.0,31.0,0.0
2006,22.0,31.0,0.0
2007,23.0,31.0,0.0
2008,24.0,31.0,0.0
2009,25.0,31.0,0.0
2010,26.0,31.0,0.0
2011,27.0,31.0,0.0
2012,28.0,31.0,0.0
2013,29.0,31.0,0.0
2014,30.0,31.0,0.05
2015,31.0,31.0,1.0
2016,32.0,31.0,0.05
2017,33.0,31.0,0.0
2018,34.0,31.0,0.0
2019,35.0,31.0,0.0
2020,36.0,31.0,0.0
2021,37.0,31.0,0.0
2022,38.0,31.0,0.0
2023,39.0,31.0,0.0
2024,40.0,31.0,0.0
2025,41.0,31.0,0.0
2026,42.0,31.0,0.0
2027,43.0,31.0,0.0
2028,44.0,31.0,0.0
2029,45.0,31.0,0.0
2030,46.0,31.0,0.0
2031,47.0,31.0,0.0
2032,48.0,31.0,0.0
2033,49.0,31.0,0.0
2034,50.0,31.0,0.0
2035,51.0,31.0,0.0
2036,52.0,31.0,0.0
2037,53.0,31.0,0.0
2038,54.0,31.0,0.0
2039,55.0,31.0,0.0
2040,56.0,31.0,0.0
2041,57.0,31.0,0.0
2042,58.0,31.0,0.0
2043,59.0,31.0,0.0
2044,60.0,31.0,0.0
2045,61.0,31.0,0.0
2046,62.0,31.0,0.0
2047,63.0,31.0,0.0
2048,0.0,32.0,0.0
2049,1.0,32.0,0.0
2050,2.0,32.0,0.0
2051,3.0,32.0,0.0
2052,4.0,32.0,0.0
2053,5.0,32.0,0.0
2054,6.0,32.0,0.0
2055,7.0,32.0,0.0
2056,8.0,32.0,0.0
2057,9.0,32.0,0.0
2058,10.0,32.0,0.0
2059,11.0,32.0,0.0
2060,12.0,32.0,0.0
2061,13.0,32.0,0.0
2062,14.0,32.0,0.0
2063,15.0,32.0,0.0
2064,16.0,32.0,0.0
2065,17.0,32.0,0.0
2066,18.0,32.0,0.0
2067,19.0,32.0,0.0
2068,20.0,32.0,0.0
2069,21.0,32.0,0.0
2070,22.0,32.0,0.0
2071,23.0,32.0,0.0
2072,24.0,32.0,0.0
2073,25.0,32.0,0.0
2074,26.0,32.0,0.0
2075,27.0,32.0,0.0
2076,28.0,32.0,0.0
2077,29.0,32.0,0.0
2078,30.0,32.0,0.0
2079,31.0,32.0,0.05
2080,32.0,32.0,1.0
2081,33.0,32.0,0.05
2082,34.0,32.0,0.0
2083,35.0,32.0,0.0
2084,36.0,32.0,0.0
2085,37.0,32.0,0.0
2086,38.0,32.0,0.0
2087,39.0,32.0,0.0
2088,40.0,32.0,0.0
2089,41.0,32.0,0.0
2090,42.0,32.0,0.0
2091,43.0,32.0,0.0
2092,44.0,32.0,0.0
2093,45.0,32.0,0.0
2094,46.0,32.0,0.0
2095,47.0,32.0,0.0
2096,48.0,32.0,0.0
2097,49.0,32.0,0.0
2098,50.0,32.0,0.0
2099,51.0,32.0,0.0
2100,52.0,32.0,0.0
2101,53.0,32.0,0.0
2102,54.0,32.0,0.0
2103,55.0,32.0,0.0
2104,56.0,32.0,0.0
2105,57.0,32.0,0.0
2106,58.0,32.0,0.0
2107,59.0,32.0,0.0
2108,60.0,32.0,0.0
2109,61.0,32.0,0.0
2110,62.0,32.0,0.0
2111,63.0,32.0,0.0
2112,0.0,33.0,0.0
2113,1.0,33.0,0.0
2114,2.0,33.0,0.0
2115,3.0,33.0,0.0
2116,4.0,33.0,0.0
2117,5.0,33.0,0.0
2118,6.0,33.0,0.0
2119,7.0,33.0,0.0
2120,8.0,33.0,0.0
2121,9.0,33.0,0.0
2122,10.0,33.0,0.0
2123,11.0,33.0,0.0
2124,12.0,33.0,0.0
2125,13.0,33.0,0.0
2126,14.0,33.0,0.0
2127,15.0,33.0,0.0
2128,16.0,33.0,0.0
2129,17.0,33.0,0.0
2130,18.0,33.0,0.0
2131,19.0,33.0,0.0
2132,20.0,33.0,0.0
2133,21.0,33.0,0.0
2134,22.0,33.0,0.0
2135,23.0,33.0,0.0
2136,24.0,33.0,0.0
2137,25.0,33.0,0.0
2138,26.0,33.0,0.0
2139,27.0,33.0,0.0
2140,28.0,33.0,0.0
2141,29.0,33.0,0.0
2142,30.0,33.0,0.0
2143,31.0,33.0,0.0
2144,32.0,33.0,0.05
2145,33.0,33.0,1.0
2146,34.0,33.0,0.05
2147,35.0,33.0,0.0
2148,36.0,33.0,0.0
2149,37.0,33.0,0.0
2150,38.0,33.0,0.0
2151,39.0,33.0,0.0
2152,40.0,33.0,0.0
2153,41.0,33.0,0.0
2154,42.0,33.0,0.0
2155,43.0,33.0,0.0
2156,44.0,33.0,0.0
2157,45.0,33.0,0.0
2158,46.0,33.0,0.0
2159,47.0,33.0,0.0
2160,48.0,33.0,0.0
2161,49.0,33.0,0.0
2162,50.0,33.0,0.0
2163,51.0,33.0,0.0
2164,52.0,33.0,0.0
2165,53.0,33.0,0.0
2166,54.0,33.0,0.0
2167,55.0,33.0,0.0
2168,56.0,33.0,0.0
2169,57.0,33.0,0.0
2170,58.0,33.0,0.0
2171,59.0,33.0,0.0
2172,60.0,33.0,0.0
2173,61.0,33.0,0.0
2174,62.0,33.0,0.0
2175,63.0,33.0,0.0
2176,0.0,34.0,0.0
2177,1.0,34.0,0.0
2178,2.0,34.0,0.0
2179,3.0,34.0,0.0
2180,4.0,34.0,0.0
2181,5.0,34.0,0.0
2182,6.0,34.0,0.0
2183,7.0,34.0,0.0
2184,8.0,34.0,0.0
2185,9.0,34.0,0.0
2186,10.0,34.0,0.0
2187,11.0,34.0,0.0
2188,12.0,34.0,0.0
2189,13.0,34.0,0.0
2190,14.0,34.0,0.0
2191,15.0,34.0,0.0
2192,16.0,34.0,0.0
2193,17.0,34.0,0.0
2194,18.0,34.0,0.0
2195,19.0,34.0,0.0
2196,20.0,34.0,0.0
2197,21.0,34.0,0.0
2198,22.0,34.0,0.0
2199,23.0,34.0,0.0
2200,24.0,34.0,0.0
2201,25.0,34.0,0.0
2202,26.0,34.0,0.0
2203,27.0,34.0,0.0
2204,28.0,34.0,0.0
2205,29.0,34.0,0.0
2206,30.0,34.0,0.0
2207,31.0,34.0,0.0
2208,32.0,34.0,0.0
2209,33.0,34.0,0.05
2210,34.0,34.0,1.0
2211,35.0,34.0,0.05
2212,36.0,34.0,0.0
2213,37.0,34.0,0.0
2214,38.0,34.0,0.0
2215,39.0,34.0,0.0
2216,40.0,34.0,0.0
2217,41.0,34.0,0.0
2218,42.0,34.0,0.0
2219,43.0,34.0,0.0
2220,44.0,34.0,0.0
2221,45.0,34.0,0.0
2222,46.0,34.0,0.0
2223,47.0,34.0,0.0
2224,48.0,34.0,0.0
2225,49.0,34.0,0.0
2226,50.0,34.0,0.0
2227,51.0,34.0,0.0
2228,52.0,34.0,0.0
2229,53.0,34.0,0.0
2230,54.0,34.0,0.0
2231,55.0,34.0,0.0
2232,56.0,34.0,0.0
2233,57.0,34.0,0.0
2234,58.0,34.0,0.0
2235,59.0,34.0,0.0
2236,60.0,34.0,0.0
2237,61.0,34.0,0.0
2238,62.0,34.0,0.0
2239,63.0,34.0,0.0
2240,0.0,35.0,0.0
2241,1.0,35.0,0.0
2242,2.0,35.0,0.0
2243,3.0,35.0,0.0
2244,4.0,35.0,0.0
2245,5.0,35.0,0.0
2246,6.0,35.0,0.0
2247,7.0,35.0,0.0
2248,8.0,35.0,0.0
2249,9.0,35.0,0.0
2250,10.0,35.0,0.0
2251,11.0,35.0,0.0
2252,12.0,35.0,0.0
2253,13.0,35.0,0.0
2254,14.0,35.0,0.0
2255,15.0,35.0,0.0
2256,16.0,35.0,0.0
2257,17.0,35.0,0.0
2258,18.0,35.0,0.0
2259,19.0,35.0,0.0
2260,20.0,35.0,0.0
2261,21.0,35.0,0.0
2262,22.0,35.0,0.0
2263,23.0,35.0,0.0
2264,24.0,35.0,0.0
2265,25.0,35.0,0.0
2266,26.0,35.0,0.0
2267,27.0,35.0,0.0
2268,28.0,35.0,0.0
2269,29.0,35.0,0.0
2270,30.0,35.0,0.0
2271,31.0,35.0,0.0
2272,32.0,35.0,0.0
2273,33.0,35.0,0.0
2274,34.0,35.0,0.05
2275,35.0,35.0,1.0
2276,36.0,35.0,0.05
2277,37.0,35.0,0.0
2278,38.0,35.0,0.0
2279,39.0,35.0,0.0
2280,40.0,35.0,0.0
2281,41.0,35.0,0.0
2282,42.0,35.0,0.0
2283,43.0,35.0,0.0
2284,44.0,35.0,0.0
2285,45.0,35.0,0.0
2286,46.0,35.0,0.0
2287,47.0,35.0,0.0
2288,48.0,35.0,0.0
2289,49.0,35.0,0.0
2290,50.0,35.0,0.0
2291,51.0,35.0,0.0
2292,52.0,35.0,0.0
2293,53.0,35.0,0.0
2294,54.0,35.0,0.0
2295,55.0,35.0,0.0
2296,56.0,35.0,0.0
2297,57.0,35.0,0.0
2298,58.0,35.0,0.0
2299,59.0,35.0,0.0
2300,60.0,35.0,0.0
2301,61.0,35.0,0.0
2302,62.0,35.0,0.0
2303,63.0,35.0,0.0
2304,0.0,36.0,0.0
2305,1.0,36.0,0.0
2306,2.0,36.0,0.0
2307,3.0,36.0,0.0
2308,4.0,36.0,0.0
2309,5.0,36.0,0.0
2310,6.0,36.0,0.0
2311,7.0,36.0,0.0
2312,8.0,36.0,0.0
2313,9.0,36.0,0.0
2314,10.0,36.0,0.0
2315,11.0,36.0,0.0
2316,12.0,36.0,0.0
2317,13.0,36.0,0.0
2318,14.0,36.0,0.0
2319,15.0,36.0,0.0
2320,16.0,36.0,0.0
2321,17.0,36.0,0.0
2322,18.0,36.0,0.0
2323,19.0,36.0,0.0
2324,20.0,36.0,0.0
2325,21.0,36.0,0.0
2326,22.0,36.0,0.0
2327,23.0,36.0,0.0
2328,24.0,36.0,0.0
2329,25.0,36.0,0.0
2330,26.0,36.0,0.0
2331,27.0,36.0,0.0
2332,28.0,36.0,0.0
2333,29.0,36.0,0.0
2334,30.0,36.0,0.0
2335,31.0,36.0,0.0
2336,32.0,36.0,0.0
2337,33.0,36.0,0.0
2338,34.0,36.0,0.0
2339,35.0,36.0,0.05
2340,36.0,36.0,1.0
2341,37.0,36.0,0.05
2342,38.0,36.0,0.0
2343,39.0,36.0,0.0
2344,40.0,36.0,0.0
2345,41.0,36.0,0.0
2346,42.0,36.0,0.0
2347,43.0,36.0,0.0
2348,44.0,36.0,0.0
2349,45.0,36.0,0.0
2350,46.0,36.0,0.0
2351,47.0,36.0,0.0
2352,48.0,36.0,0.0
2353,49.0,36.0,0.0
2354,50.0,36.0,0.0
2355,51.0,36.0,0.0
2356,52.0,36.0,0.0
2357,53.0,36.0,0.0
2358,54.0,36.0,0.0
2359,55.0,36.0,0.0
2360,56.0,36.0,0.0
2361,57.0,36.0,0.0
2362,58.0,36.0,0.0
2363,59.0,36.0,0.0
2364,60.0,36.0,0.0
2365,61.0,36.0,0.0
2366,62.0,36.0,0.0
2367,63.0,36.0,0.0
2368,0.0,37.0,0.0
2369,1.0,37.0,0.0
2370,2.0,37.0,0.0
2371,3.0,37.0,0.0
2372,4.0,37.0,0.0
2373,5.0,37.0,0.0
2374,6.0,37.0,0.0
2375,7.0,37.0,0.0
2376,8.0,37.0,0.0
2377,9.0,37.0,0.0
2378,10.0,37.0,0.0
2379,11.0,37.0,0.0
2380,12.0,37.0,0.0
2381,13.0,37.0,0.0
2382,14.0,37.0,0.0
2383,15.0,37.0,0.0
2384,16.0,37.0,0.0
2385,17.0,37.0,0.0
2386,18.0,37.0,0.0
2387,19.0,37.0,0.0
2388,20.0,37.0,0.0
2389,21.0,37.0,0.0
2390,22.0,37.0,0.0
2391,23.0,37.0,0.0
2392,24.0,37.0,0.0
2393,25.0,37.0,0.0
2394,26.0,37.0,0.0
2395,27.0,37.0,0.0
2396,28.0,37.0,0.0
2397,29.0,37.0,0.0
2398,30.0,37.0,0.0
2399,31.0,37.0,0.0
2400,32.0,37.0,0.0
2401,33.0,37.0,0.0
2402,34.0,37.0,0.0
2403,35.0,37.0,0.0
2404,36.0,37.0,0.05
2405,37.0,37.0,1.0
2406,38.0,37.0,0.05
2407,39.0,37.0,0.0
2408,40.0,37.0,0.0
2409,41.0,37.0,0.0
2410,42.0,37.0,0.0
2411,43.0,37.0,0.0
2412,44.0,37.0,0.0
2413,45.0,37.0,0.0
2414,46.0,37.0,0.0
2415,47.0,37.0,0.0
2416,48.0,37.0,0.0
2417,49.0,37.0,0.0
2418,50.0,37.0,0.0
2419,51.0,37.0,0.0
2420,52.0,37.0,0.0
2421,53.0,37.0,0.0
2422,54.0,37.0,0.0
2423,55.0,37.0,0.0
2424,56.0,37.0,0.0
2425,57.0,37.0,0.0
2426,58.0,37.0,0.0
2427,59.0,37.0,0.0
2428,60.0,37.0,0.0
2429,61.0,37.0,0.0
2430,62.0,37.0,0.0
2431,63.0,37.0,0.0
2432,0.0,38.0,0.0
2433,1.0,38.0,0.0
2434,2.0,38.0,0.0
2435,3.0,38.0,0.0
2436,4.0,38.0,0.0
2437,5.0,38.0,0.0
2438,6.0,38.0,0.0
2439,7.0,38.0,0.0
2440,8.0,38.0,0.0
2441,9.0,38.0,0.0
2442,10.0,38.0,0.0
2443,11.0,38.0,0.0
2444,12.0,38.0,0.0
2445,13.0,38.0,0.0
2446,14.0,38.0,0.0
2447,15.0,38.0,0.0
2448,16.0,38.0,0.0
2449,17.0,38.0,0.0
2450,18.0,38.0,0.0
2451,19.0,38.0,0.0
2452,20.0,38.0,0.0
2453,21.0,38.0,0.0
2454,22.0,38.0,0.0
2455,23.0,38.0,0.0
2456,24.0,38.0,0.0
2457,25.0,38.0,0.0
2458,26.0,38.0,0.0
2459,27.0,38.0,0.0
2460,28.0,38.0,0.0
2461,29.0,38.0,0.0
2462,30.0,38.0,0.0
2463,31.0,38.0,0.0
2464,32.0,38.0,0.0
2465,33.0,38.0,0.0
2466,34.0,38.0,0.0
2467,35.0,38.0,0.0
2468,36.0,38.0,0.0
2469,37.0,38.0,0.05
2470,38.0,38.0,1.0
2471,39.0,38.0,0.05
2472,40.0,38.0,0.0
2473,41.0,38.0,0.0
2474,42.0,38.0,0.0
2475,43.0,38.0,0.0
2476,44.0,38.0,0.0
2477,45.0,38.0,0.0
2478,46.0,38.0,0.0
2479,47.0,38.0,0.0
2480,48.0,38.0,0.0
2481,49.0,38.0,0.0
2482,50.0,38.0,0.0
2483,51.0,38.0,0.0
2484,52.0,38.0,0.0
2485,53.0,38.0,0.0
2486,54.0,38.0,0.0
2487,55.0,38.0,0.0
2488,56.0,38.0,0.0
2489,57.0,38.0,0.0
2490,58.0,38.0,0.0
2491,59.0,38.0,0.0
2492,60.0,38.0,0.0
2493,61.0,38.0,0.0
2494,62.0,38.0,0.0
2495,63.0,38.0,0.0
2496,0.0,39.0,0.0
2497,1.0,39.0,0.0
2498,2.0,39.0,0.0
2499,3.0,39.0,0.0
2500,4.0,39.0,0.0
2501,5.0,39.0,0.0
2502,6.0,39.0,0.0
2503,7.0,39.0,0.0
2504,8.0,39.0,0.0
2505,9.0,39.0,0.0
2506,10.0,39.0,0.0
2507,11.0,39.0,0.0
2508,12.0,39.0,0.0
2509,13.0,39.0,0.0
2510,14.0,39.0,0.0
2511,15.0,39.0,0.0
2512,16.0,39.0,0.0
2513,17.0,39.0,0.0
2514,18.0,39.0,0.0
2515,19.0,39.0,0.0
2516,20.0,39.0,0.0
2517,21.0,39.0,0.0
2518,22.0,39.0,0.0
2519,23.0,39.0,0.0
2520,24.0,39.0,0.0
2521,25.0,39.0,0.0
2522,26.0,39.0,0.0
2523,27.0,39.0,0.0
2524,28.0,39.0,0.0
2525,29.0,39.0,0.0
2526,30.0,39.0,0.0
2527,31.0,39.0,0.0
2528,32.0,39.0,0.0
2529,33.0,39.0,0.0
2530,34.0,39.0,0.0
2531,35.0,39.0,0.0
2532,36.0,39.0,0.0
2533,37.0,39.0,0.0
2534,38.0,39.0,0.05
2535,39.0,39.0,1.0
2536,40.0,39.0,0.05
2537,41.0,39.0,0.0
2538,42.0,39.0,0.0
2539,43.0,39.0,0.0
2540,44.0,39.0,0.0
2541,45.0,39.0,0.0
2542,46.0,39.0,0.0
2543,47.0,39.0,0.0
2544,48.0,39.0,0.0
2545,49.0,39.0,0.0
2546,50.0,39.0,0.0
2547,51.0,39.0,0.0
2548,52.0,39.0,0.0
2549,53.0,39.0,0.0
2550,54.0,39.0,0.0
2551,55.0,39.0,0.0
2552,56.0,39.0,0.0
2553,57.0,39.0,0.0
2554,58.0,39.0,0.0
2555,59.0,39.0,0.0
2556,60.0,39.0,0.0
2557,61.0,39.0,0.0
2558,62.0,39.0,0.0
2559,63.0,39.0,0.0
2560,0.0,40.0,0.0
2561,1.0,40.0,0.0
2562,2.0,40.0,0.0
2563,3.0,40.0,0.0
2564,4.0,40.0,0.0
2565,5.0,40.0,0.0
2566,6.0,40.0,0.0
2567,7.0,40.0,0.0
2568,8.0,40.0,0.0
2569,9.0,40.0,0.0
2570,10.0,40.0,0.0
2571,11.0,40.0,0.0
2572,12.0,40.0,0.0
2573,13.0,40.0,0.0
2574,14.0,40.0,0.0
2575,15.0,40.0,0.0
2576,16.0,40.0,0.0
2577,17.0,40.0,0.0
2578,18.0,40.0,0.0
2579,19.0,40.0,0.0
2580,20.0,40.0,0.0
2581,21.0,40.0,0.0
2582,22.0,40.0,0.0
2583,23.0,40.0,0.0
2584,24.0,40.0,0.0
2585,25.0,40.0,0.0
2586,26.0,40.0,0.0
2587,27.0,40.0,0.0
2588,28.0,40.0,0.0
2589,29.0,40.0,0.0
2590,30.0,40.0,0.0
2591,31.0,40.0,0.0
2592,32.0,40.0,0.0
2593,33.0,40.0,0.0
2594,34.0,40.0,0.0
2595,35.0,40.0,0.0
2596,36.0,40.0,0.0
2597,37.0,40.0,0.0
2598,38.0,40.0,0.0
2599,39.0,40.0,0.05
2600,40.0,40.0,1.0
2601,41.0,40.0,0.05
2602,42.0,40.0,0.0
2603,43.0,40.0,0.0
2604,44.0,40.0,0.0
2605,45.0,40.0,0.0
2606,46.0,40.0,0.0
2607,47.0,40.0,0.0
2608,48.0,40.0,0.0
2609,49.0,40.0,0.0
2610,50.0,40.0,0.0
2611,51.0,40.0,0.0
2612,52.0,40.0,0.0
2613,53.0,40.0,0.0
2614,54.0,40.0,0.0
2615,55.0,40.0,0.0
2616,56.0,40.0,0.0
2617,57.0,40.0,0.0
2618,58.0,40.0,0.0
2619,59.0,40.0,0.0
2620,60.0,40.0,0.0
2621,61.0,40.0,0.0
2622,62.0,40.0,0.0
2623,63.0,40.0,0.0
2624,0.0,41.0,0.0
2625,1.0,41.0,0.0
2626,2.0,41.0,0.0
2627,3.0,41.0,0.0
2628,4.0,41.0,0.0
2629,5.0,41.0,0.0
2630,6.0,41.0,0.0
2631,7.0,41.0,0.0
2632,8.0,41.0,0.0
2633,9.0,41.0,0.0
2634,10.0,41.0,0.0
2635,11.0,41.0,0.0
2636,12.0,41.0,0.0
2637,13.0,41.0,0.0
2638,14.0,41.0,0.0
2639,15.0,41.0,0.0
2640,16.0,41.0,0.0
2641,17.0,41.0,0.0
2642,18.0,41.0,0.0
2643,19.0,41.0,0.0
2644,20.0,41.0,0.0
2645,21.0,41.0,0.0
2646,22.0,41.0,0.0
2647,23.0,41.0,0.0
2648,24.0,41.0,0.0
2649,25.0,41.0,0.0
2650,26.0,41.0,0.0
2651,27.0,41.0,0.0
2652,28.0,41.0,0.0
2653,29.0,41.0,0.0
2654,30.0,41.0,0.0
2655,31.0,41.0,0.0
2656,32.0,41.0,0.0
2657,33.0,41.0,0.0
2658,34.0,41.0,0.0
2659,35.0,41.0,0.0
2660,36.0,41.0,0.0
2661,37.0,41.0,0.0
2662,38.0,41.0,0.0
2663,39.0,41.0,0.0
2664,40.0,41.0,0.05
2665,41.0,41.0,1.0
2666,42.0,41.0,0.05
2667,43.0,41.0,0.0
2668,44.0,41.0,0.0
2669,45.0,41.0,0.0
2670,46.0,41.0,0.0
2671,47.0,41.0,0.0
2672,48.0,41.0,0.0
2673,49.0,41.0,0.0
2674,50.0,41.0,0.0
2675,51.0,41.0,0.0
2676,52.0,41.0,0.0
2677,53.0,41.0,0.0
2678,54.0,41.0,0.0
2679,55.0,41.0,0.0
2680,56.0,41.0,0.0
2681,57.0,41.0,0.0
2682,58.0,41.0,0.0
2683,59.0,41.0,0.0
2684,60.0,41.0,0.0
2685,61.0,41.0,0.0
2686,62.0,41.0,0.0
2687,63.0,41.0,0.0
2688,0.0,42.0,0.0
2689,1.0,42.0,0.0
2690,2.0,42.0,0.0
2691,3.0,42.0,0.0
2692,4.0,42.0,0.0
2693,5.0,42.0,0.0
2694,6.0,42.0,0.0
2695,7.0,42.0,0.0
2696,8.0,42.0,0.0
2697,9.0,42.0,0.0
2698,10.0,42.0,0.0
2699,11.0,42.0,0.0
2700,12.0,42.0,0.0
2701,13.0,42.0,0.0
2702,14.0,42.0,0.0
2703,15.0,42.0,0.0
2704,16.0,42.0,0.0
2705,17.0,42.0,0.0
2706,18.0,42.0,0.0
2707,19.0,42.0,0.0
2708,20.0,42.0,0.0
2709,21.0,42.0,0.0
2710,22.0,42.0,0.0
2711,23.0,42.0,0.0
2712,24.0,42.0,0.0
2713,25.0,42.0,0.0
2714,26.0,42.0,0.0
2715,27.0,42.0,0.0
2716,28.0,42.0,0.0
2717,29.0,42.0,0.0
2718,30.0,42.0,0.0
2719,31.0,42.0,0.0
2720,32.0,42.0,0.0
2721,33.0,42.0,0.0
2722,34.0,42.0,0.0
2723,35.0,42.0,0.0
2724,36.0,42.0,0.0
2725,37.0,42.0,0.0
2726,38.0,42.0,0.0
2727,39.0,42.0,0.0
2728,40.0,42.0,0.0
2729,41.0,42.0,0.05
2730,42.0,42.0,1.0
2731,43.0,42.0,0.05
2732,44.0,42.0,0.0
2733,45.0,42.0,0.0
2734,46.0,42.0,0.0
2735,47.0,42.0,0.0
2736,48.0,42.0,0.0
2737,49.0,42.0,0.0
2738,50.0,42.0,0.0
2739,51.0,42.0,0.0
2740,52.0,42.0,0.0
2741,53.0,42.0,0.0
2742,54.0,42.0,0.0
2743,55.0,42.0,0.0
2744,56.0,42.0,0.0
2745,57.0,42.0,0.0
2746,58.0,42.0,0.0
2747,59.0,42.0,0.0
2748,60.0,42.0,0.0
2749,61.0,42.0,0.0
2750,62.0,42.0,0.0
2751,63.0,42.0,0.0
2752,0.0,43.0,0.0
2753,1.0,43.0,0.0
2754,2.0,43.0,0.0
2755,3.0,43.0,0.0
2756,4.0,43.0,0.0
2757,5.0,43.0,0.0
2758,6.0,43.0,0.0
2759,7.0,43.0,0.0
2760,8.0,43.0,0.0
2761,9.0,43.0,0.0
2762,10.0,43.0,0.0
2763,11.0,43.0,0.0
2764,12.0,43.0,0.0
2765,13.0,43.0,0.0
2766,14.0,43.0,0.0
2767,15.0,43.0,0.0
2768,16.0,43.0,0.0
2769,17.0,43.0,0.0
2770,18.0,43.0,0.0
2771,19.0,43.0,0.0
2772,20.0,43.0,0.0
2773,21.0,43.0,0.0
2774,22.0,43.0,0.0
2775,23.0,43.0,0.0
2776,24.0,43.0,0.0
2777,25.0,43.0,0.0
2778,26.0,43.0,0.0
2779,27.0,43.0,0.0
2780,28.0,43.0,0.0
2781,29.0,43.0,0.0
2782,30.0,43.0,0.0
2783,31.0,43.0,0.0
2784,32.0,43.0,0.0
2785,33.0,43.0,0.0
2786,34.0,43.0,0.0
2787,35.0,43.0,0.0
2788,36.0,43.0,0.0
2789,37.0,43.0,0.0
2790,38.0,43.0,0.0
2791,39.0,43.0,0.0
2792,40.0,43.0,0.0
2793,41.0,43.0,0.0
2794,42.0,43.0,0.05
2795,43.0,43.0,1.0
2796,44.0,43.0,0.05
2797,45.0,43.0,0.0
2798,46.0,43.0,0.0
2799,47.0,43.0,0.0
2800,48.0,43.0,0.0
2801,49.0,43.0,0.0
2802,50.0,43.0,0.0
2803,51.0,43.0,0.0
2804,52.0,43.0,0.0
2805,53.0,43.0,0.0
2806,54.0,43.0,0.0
2807,55.0,43.0,0.0
2808,56.0,43.0,0.0
2809,57.0,43.0,0.0
2810,58.0,43.0,0.0
2811,59.0,43.0,0.0
2812,60.0,43.0,0.0
2813,61.0,43.0,0.0
2814,62.0,43.0,0.0
2815,63.0,43.0,0.0
2816,0.0,44.0,0.0
2817,1.0,44.0,0.0
2818,2.0,44.0,0.0
2819,3.0,44.0,0.0
2820,4.0,44.0,0.0
2821,5.0,44.0,0.0
2822,6.0,44.0,0.0
2823,7.0,44.0,0.0
2824,8.0,44.0,0.0
2825,9.0,44.0,0.0
2826,10.0,44.0,0.0
2827,11.0,44.0,0.0
2828,12.0,44.0,0.0
2829,13.0,44.0,0.0
2830,14.0,44.0,0.0
2831,15.0,44.0,0.0
2832,16.0,44.0,0.0
2833,17.0,44.0,0.0
2834,18.0,44.0,0.0
2835,19.0,44.0,0.0
2836,20.0,44.0,0.0
2837,21.0,44.0,0.0
2838,22.0,44.0,0.0
2839,23.0,44.0,0.0
2840,24.0,44.0,0.0
2841,25.0,44.0,0.0
2842,26.0,44.0,0.0
2843,27.0,44.0,0.0
2844,28.0,44.0,0.0
2845,29.0,44.0,0.0
2846,30.0,44.0,0.0
2847,31.0,44.0,0.0
2848,32.0,44.0,0.0
2849,33.0,44.0,0.0
2850,34.0,44.0,0.0
2851,35.0,44.0,0.0
2852,36.0,44.0,0.0
2853,37.0,44.0,0.0
2854,38.0,44.0,0.0
2855,39.0,44.0,0.0
2856,40.0,44.0,0.0
2857,41.0,44.0,0.0
2858,42.0,44.0,0.0
2859,43.0,44.0,0.05
2860,44.0,44.0,1.0
2861,45.0,44.0,0.05
2862,46.0,44.0,0.0
2863,47.0,44.0,0.0
2864,48.0,44.0,0.0
2865,49.0,44.0,0.0
2866,50.0,44.0,0.0
2867,51.0,44.0,0.0
2868,52.0,44.0,0.0
2869,53.0,44.0,0.0
2870,54.0,44.0,0.0
2871,55.0,44.0,0.0
2872,56.0,44.0,0.0
2873,57.0,44.0,0.0
2874,58.0,44.0,0.0
2875,59.0,44.0,0.0
2876,60.0,44.0,0.0
2877,61.0,44.0,0.0
2878,62.0,44.0,0.0
2879,63.0,44.0,0.0
2880,0.0,45.0,0.0
2881,1.0,45.0,0.0
2882,2.0,45.0,0.0
2883,3.0,45.0,0.0
2884,4.0,45.0,0.0
2885,5.0,45.0,0.0
2886,6.0,45.0,0.0
2887,7.0,45.0,0.0
2888,8.0,45.0,0.0
2889,9.0,45.0,0.0
2890,10.0,45.0,0.0
2891,11.0,45.0,0.0
2892,12.0,45.0,0.0
2893,13.0,45.0,0.0
2894,14.0,45.0,0.0
2895,15.0,45.0,0.0
2896,16.0,45.0,0.0
2897,17.0,45.0,0.0
2898,18.0,45.0,0.0
2899,19.0,45.0,0.0
2900,20.0,45.0,0.0
2901,21.0,45.0,0.0
2902,22.0,45.0,0.0
2903,23.0,45.0,0.0
2904,24.0,45.0,0.0
2905,25.0,45.0,0.0
2906,26.0,45.0,0.0
2907,27.0,45.0,0.0
2908,28.0,45.0,0.0
2909,29.0,45.0,0.0
2910,30.0,45.0,0.0
2911,31.0,45.0,0.0
2912,32.0,45.0,0.0
2913,33.0,45.0,0.0
2914,34.0,45.0,0.0
2915,35.0,45.0,0.0
2916,36.0,45.0,0.0
2917,37.0,45.0,0.0
2918,38.0,45.0,0.0
2919,39.0,45.0,0.0
2920,40.0,45.0,0.0
2921,41.0,45.0,0.0
2922,42.0,45.0,0.0
2923,43.0,45.0,0.0
2924,44.0,45.0,0.05
2925,45.0,45.0,1.0
2926,46.0,45.0,0.05
2927,47.0,45.0,0.0
2928,48.0,45.0,0.0
2929,49.0,45.0,0.0
2930,50.0,45.0,0.0
2931,51.0,45.0,0.0
2932,52.0,45.0,0.0
2933,53.0,45.0,0.0
2934,54.0,45.0,0.0
2935,55.0,45.0,0.0
2936,56.0,45.0,0.0
2937,57.0,45.0,0.0
2938,58.0,45.0,0.0
2939,59.0,45.0,0.0
2940,60.0,45.0,0.0
2941,61.0,45.0,0.0
2942,62.0,45.0,0.0
2943,63.0,45.0,0.0
2944,0.0,46.0,0.0
2945,1.0,46.0,0.0
2946,2.0,46.0,0.0
2947,3.0,46.0,0.0
2948,4.0,46.0,0.0
2949,5.0,46.0,0.0
2950,6.0,46.0,0.0
2951,7.0,46.0,0.0
2952,8.0,46.0,0.0
2953,9.0,46.0,0.0
2954,10.0,46.0,0.0
2955,11.0,46.0,0.0
2956,12.0,46.0,0.0
2957,13.0,46.0,0.0
2958,14.0,46.0,0.0
2959,15.0,46.0,0.0
2960,16.0,46.0,0.0
2961,17.0,46.0,0.0
2962,18.0,46.0,0.0
2963,19.0,46.0,0.0
2964,20.0,46.0,0.0
2965,21.0,46.0,0.0
2966,22.0,46.0,0.0
2967,23.0,46.0,0.0
2968,24.0,46.0,0.0
2969,25.0,46.0,0.0
2970,26.0,46.0,0.0
2971,27.0,46.0,0.0
2972,28.0,46.0,0.0
2973,29.0,46.0,0.0
2974,30.0,46.0,0.0
2975,31.0,46.0,0.0
2976,32.0,46.0,0.0
2977,33.0,46.0,0.0
2978,34.0,46.0,0.0
2979,35.0,46.0,0.0
2980,36.0,46.0,0.0
2981,37.0,46.0,0.0
2982,38.0,46.0,0.0
2983,39.0,46.0,0.0
2984,40.0,46.0,0.0
2985,41.0,46.0,0.0
2986,42.0,46.0,0.0
2987,43.0,46.0,0.0
2988,44.0,46.0,0.0
2989,45.0,46.0,0.05
2990,46.0,46.0,1.0
2991,47.0,46.0,0.05
2992,48.0,46.0,0.0
2993,49.0,46.0,0.0
2994,50.0,46.0,0.0
2995,51.0,46.0,0.0
2996,52.0,46.0,0.0
2997,53.0,46.0,0.0
2998,54.0,46.0,0.0
2999,55.0,46.0,0.0
3000,56.0,46.0,0.0
3001,57.0,46.0,0.0
3002,58.0,46.0,0.0
3003,59.0,46.0,0.0
3004,60.0,46.0,0.0
3005,61.0,46.0,0.0
3006,62.0,46.0,0.0
3007,63.0,46.0,0.0
3008,0.0,47.0,0.0
3009,1.0,47.0,0.0
3010,2.0,47.0,0.0
3011,3.0,47.0,0.0
3012,4.0,47.0,0.0
3013,5.0,47.0,0.0
3014,6.0,47.0,0.0
3015,7.0,47.0,0.0
3016,8.0,47.0,0.0
3017,9.0,47.0,0.0
3018,10.0,47.0,0.0
3019,11.0,47.0,0.0
3020,12.0,47.0,0.0
3021,13.0,47.0,0.0
3022,14.0,47.0,0.0
3023,15.0,47.0,0.0
3024,16.0,47.0,0.0
3025,17.0,47.0,0.0
3026,18.0,47.0,0.0
3027,19.0,47.0,0.0
3028,20.0,47.0,0.0
3029,21.0,47.0,0.0
3030,22.0,47.0,0.0
3031,23.0,47.0,0.0
3032,24.0,47.0,0.0
3033,25.0,47.0,0.0
3034,26.0,47.0,0.0
3035,27.0,47.0,0.0
3036,28.0,47.0,0.0
3037,29.0,47.0,0.0
3038,30.0,47.0,0.0
3039,31.0,47.0,0.0
3040,32.0,47.0,0.0
3041,33.0,47.0,0.0
3042,34.0,47.0,0.0
3043,35.0,47.0,0.0
3044,36.0,47.0,0.0
3045,37.0,47.0,0.0
3046,38.0,47.0,0.0
3047,39.0,47.0,0.0
3048,40.0,47.0,0.0
3049,41.0,47.0,0.0
3050,42.0,47.0,0.0
3051,43.0,47.0,0.0
3052,44.0,47.0,0.0
3053,45.0,47.0,0.0
3054,46.0,47.0,0.05
3055,47.0,47.0,1.0
3056,48.0,47.0,0.05
3057,49.0,47.0,0.0
3058,50.0,47.0,0.0
3059,51.0,47.0,0.0
3060,52.0,47.0,0.0
3061,53.0,47.0,0.0
3062,54.0,47.0,0.0
3063,55.0,47.0,0.0
3064,56.0,47.0,0.0
3065,57.0,47.0,0.0
3066,58.0,47.0,0.0
3067,59.0,47.0,0.0
3068,60.0,47.0,0.0
3069,61.0,47.0,0.0
3070,62.0,47.0,0.0
3071,63.0,47.0,0.0
3072,0.0,48.0,0.0
3073,1.0,48.0,0.0
3074,2.0,48.0,0.0
3075,3.0,48.0,0.0
3076,4.0,48.0,0.0
3077,5.0,48.0,0.0
3078,6.0,48.0,0.0
3079,7.0,48.0,0.0
3080,8.0,48.0,0.0
3081,9.0,48.0,0.0
3082,10.0,48.0,0.0
3083,11.0,48.0,0.0
3084,12.0,48.0,0.0
3085,13.0,48.0,0.0
3086,14.0,48.0,0.0
3087,15.0,48.0,0.0
3088,16.0,48.0,0.0
3089,17.0,48.0,0.0
3090,18.0,48.0,0.0
3091,19.0,48.0,0.0
3092,20.0,48.0,0.0
3093,21.0,48.0,0.0
3094,22.0,48.0,0.0
3095,23.0,48.0,0.0
3096,24.0,48.0,0.0
3097,25.0,48.0,0.0
3098,26.0,48.0,0.0
3099,27.0,48.0,0.0
3100,28.0,48.0,0.0
3101,29.0,48.0,0.0
3102,30.0,48.0,0.0
3103,31.0,48.0,0.0
3104,32.0,48.0,0.0
3105,33.0,48.0,0.0
3106,34.0,48.0,0.0
3107,35.0,48.0,0.0
3108,36.0,48.0,0.0
3109,37.0,48.0,0.0
3110,38.0,48.0,0.0
3111,39.0,48.0,0.0
3112,40.0,48.0,0.0
3113,41.0,48.0,0.0
3114,42.0,48.0,0.0
3115,43.0,48.0,0.0
3116,44.0,48.0,0.0
3117,45.0,48.0,0.0
3118,46.0,48.0,0.0
3119,47.0,48.0,0.05
3120,48.0,48.0,1.0
3121,49.0,48.0,0.05
3122,50.0,48.0,0.0
3123,51.0,48.0,0.0
3124,52.0,48.0,0.0
3125,53.0,48.0,0.0
3126,54.0,48.0,0.0
3127,55.0,48.0,0.0
3128,56.0,48.0,0.0
3129,57.0,48.0,0.0
3130,58.0,48.0,0.0
3131,59.0,48.0,0.0
3132,60.0,48.0,0.0
3133,61.0,48.0,0.0
3134,62.0,48.0,0.0
3135,63.0,48.0,0.0
3136,0.0,49.0,0.0
3137,1.0,49.0,0.0
3138,2.0,49.0,0.0
3139,3.0,49.0,0.0
3140,4.0,49.0,0.0
3141,5.0,49.0,0.0
3142,6.0,49.0,0.0
3143,7.0,49.0,0.0
3144,8.0,49.0,0.0
3145,9.0,49.0,0.0
3146,10.0,49.0,0.0
3147,11.0,49.0,0.0
3148,12.0,49.0,0.0
3149,13.0,49.0,0.0
3150,14.0,49.0,0.0
3151,15.0,49.0,0.0
3152,16.0,49.0,0.0
3153,17.0,49.0,0.0
3154,18.0,49.0,0.0
3155,19.0,49.0,0.0
3156,20.0,49.0,0.0
3157,21.0,49.0,0.0
3158,22.0,49.0,0.0
3159,23.0,49.0,0.0
3160,24.0,49.0,0.0
3161,25.0,49.0,0.0
3162,26.0,49.0,0.0
3163,27.0,49.0,0.0
3164,28.0,49.0,0.0
3165,29.0,49.0,0.0
3166,30.0,49.0,0.0
3167,31.0,49.0,0.0
3168,32.0,49.0,0.0
3169,33.0,49.0,0.0
3170,34.0,49.0,0.0
3171,35.0,49.0,0.0
3172,36.0,49.0,0.0
3173,37.0,49.0,0.0
3174,38.0,49.0,0.0
3175,39.0,49.0,0.0
3176,40.0,49.0,0.0
3177,41.0,49.0,0.0
3178,42.0,49.0,0.0
3179,43.0,49.0,0.0
3180,44.0,49.0,0.0
3181,45.0,49.0,0.0
3182,46.0,49.0,0.0
3183,47.0,49.0,0.0
3184,48.0,49.0,0.05
3185,49.0,49.0,1.0
3186,50.0,49.0,0.05
3187,51.0,49.0,0.0
3188,52.0,49.0,0.0
3189,53.0,49.0,0.0
3190,54.0,49.0,0.0
3191,55.0,49.0,0.0
3192,56.0,49.0,0.0
3193,57.0,49.0,0.0
3194,58.0,49.0,0.0
3195,59.0,49.0,0.0
3196,60.0,49.0,0.0
3197,61.0,49.0,0.0
3198,62.0,49.0,0.0
3199,63.0,49.0,0.0
3200,0.0,50.0,0.0
3201,1.0,50.0,0.0
3202,2.0,50.0,0.0
3203,3.0,50.0,0.0
3204,4.0,50.0,0.0
3205,5.0,50.0,0.0
3206,6.0,50.0,0.0
3207,7.0,50.0,0.0
3208,8.0,50.0,0.0
3209,9.0,50.0,0.0
3210,10.0,50.0,0.0
3211,11.0,50.0,0.0
3212,12.0,50.0,0.0
3213,13.0,50.0,0.0
3214,14.0,50.0,0.0
3215,15.0,50.0,0.0
3216,16.0,50.0,0.0
3217,17.0,50.0,0.0
3218,18.0,50.0,0.0
3219,19.0,50.0,0.0
3220,20.0,50.0,0.0
3221,21.0,50.0,0.0
3222,22.0,50.0,0.0
3223,23.0,50.0,0.0
3224,24.0,50.0,0.0
3225,25.0,50.0,0.0
3226,26.0,50.0,0.0
3227,27.0,50.0,0.0
3228,28.0,50.0,0.0
3229,29.0,50.0,0.0
3230,30.0,50.0,0.0
3231,31.0,50.0,0.0
3232,32.0,50.0,0.0
3233,33.0,50.0,0.0
3234,34.0,50.0,0.0
3235,35.0,50.0,0.0
3236,36.0,50.0,0.0
3237,37.0,50.0,0.0
3238,38.0,50.0,0.0
3239,39.0,50.0,0.0
3240,40.0,50.0,0.0
3241,41.0,50.0,0.0
3242,42.0,50.0,0.0
3243,43.0,50.0,0.0
3244,44.0,50.0,0.0
3245,45.0,50.0,0.0
3246,46.0,50.0,0.0
3247,47.0,50.0,0.0
3248,48.0,50.0,0.0
3249,49.0,50.0,0.05
3250,50.0,50.0,1.0
3251,51.0,50.0,0.05
3252,52.0,50.0,0.0
3253,53.0,50.0,0.0
3254,54.0,50.0,0.0
3255,55.0,50.0,0.0
3256,56.0,50.0,0.0
3257,57.0,50.0,0.0
3258,58.0,50.0,0.0
3259,59.0,50.0,0.0
3260,60.0,50.0,0.0
3261,61.0,50.0,0.0
3262,62.0,50.0,0.0
3263,63.0,50.0,0.0
3264,0.0,51.0,0.0
3265,1.0,51.0,0.0
3266,2.0,51.0,0.0
3267,3.0,51.0,0.0
3268,4.0,51.0,0.0
3269,5.0,51.0,0.0
3270,6.0,51.0,0.0
3271,7.0,51.0,0.0
3272,8.0,51.0,0.0
3273,9.0,51.0,0.0
3274,10.0,51.0,0.0
3275,11.0,51.0,0.0
3276,12.0,51.0,0.0
3277,13.0,51.0,0.0
3278,14.0,51.0,0.0
3279,15.0,51.0,0.0
3280,16.0,51.0,0.0
3281,17.0,51.0,0.0
3282,18.0,51.0,0.0
3283,19.0,51.0,0.0
3284,20.0,51.0,0.0
3285,21.0,51.0,0.0
3286,22.0,51.0,0.0
3287,23.0,51.0,0.0
3288,24.0,51.0,0.0
3289,25.0,51.0,0.0
3290,26.0,51.0,0.0
3291,27.0,51.0,0.0
3292,28.0,51.0,0.0
3293,29.0,51.0,0.0
3294,30.0,51.0,0.0
3295,31.0,51.0,0.0
3296,32.0,51.0,0.0
3297,33.0,51.0,0.0
3298,34.0,51.0,0.0
3299,35.0,51.0,0.0
3300,36.0,51.0,0.0
3301,37.0,51.0,0.0
3302,38.0,51.0,0.0
3303,39.0,51.0,0.0
3304,40.0,51.0,0.0
3305,41.0,51.0,0.0
3306,42.0,51.0,0.0
3307,43.0,51.0,0.0
3308,44.0,51.0,0.0
3309,45.0,51.0,0.0
3310,46.0,51.0,0.0
3311,47.0,51.0,0.0
3312,48.0,51.0,0.0
3313,49.0,51.0,0.0
3314,50.0,51.0,0.05
3315,51.0,51.0,1.0
3316,52.0,51.0,0.05
3317,53.0,51.0,0.0
3318,54.0,51.0,0.0
3319,55.0,51.0,0.0
3320,56.0,51.0,0.0
3321,57.0,51.0,0.0
3322,58.0,51.0,0.0
3323,59.0,51.0,0.0
3324,60.0,51.0,0.0
3325,61.0,51.0,0.0
3326,62.0,51.0,0.0
3327,63.0,51.0,0.0
3328,0.0,52.0,0.0
3329,1.0,52.0,0.0
3330,2.0,52.0,0.0
3331,3.0,52.0,0.0
3332,4.0,52.0,0.0
3333,5.0,52.0,0.0
3334,6.0,52.0,0.0
3335,7.0,52.0,0.0
3336,8.0,52.0,0.0
3337,9.0,52.0,0.0
3338,10.0,52.0,0.0
3339,11.0,52.0,0.0
3340,12.0,52.0,0.0
3341,13.0,52.0,0.0
3342,14.0,52.0,0.0
3343,15.0,52.0,0.0
3344,16.0,52.0,0.0
3345,17.0,52.0,0.0
3346,18.0,52.0,0.0
3347,19.0,52.0,0.0
3348,20.0,52.0,0.0
3349,21.0,52.0,0.0
3350,22.0,52.0,0.0
3351,23.0,52.0,0.0
3352,24.0,52.0,0.0
3353,25.0,52.0,0.0
3354,26.0,52.0,0.0
3355,27.0,52.0,0.0
3356,28.0,52.0,0.0
3357,29.0,52.0,0.0
3358,30.0,52.0,0.0
3359,31.0,52.0,0.0
3360,32.0,52.0,0.0
3361,33.0,52.0,0.0
3362,34.0,52.0,0.0
3363,35.0,52.0,0.0
3364,36.0,52.0,0.0
3365,37.0,52.0,0.0
3366,38.0,52.0,0.0
3367,39.0,52.0,0.0
3368,40.0,52.0,0.0
3369,41.0,52.0,0.0
3370,42.0,52.0,0.0
3371,43.0,52.0,0.0
3372,44.0,52.0,0.0
3373,45.0,52.0,0.0
3374,46.0,52.0,0.0
3375,47.0,52.0,0.0
3376,48.0,52.0,0.0
3377,49.0,52.0,0.0
3378,50.0,52.0,0.0
3379,51.0,52.0,0.05
3380,52.0,52.0,1.0
3381,53.0,52.0,0.05
3382,54.0,52.0,0.0
3383,55.0,52.0,0.0
3384,56.0,52.0,0.0
3385,57.0,52.0,0.0
3386,58.0,52.0,0.0
3387,59.0,52.0,0.0
3388,60.0,52.0,0.0
3389,61.0,52.0,0.0
3390,62.0,52.0,0.0
3391,63.0,52.0,0.0
3392,0.0,53.0,0.0
3393,1.0,53.0,0.0
3394,2.0,53.0,0.0
3395,3.0,53.0,0.0
3396,4.0,53.0,0.0
3397,5.0,53.0,0.0
3398,6.0,53.0,0.0
3399,7.0,53.0,0.0
3400,8.0,53.0,0.0
3401,9.0,53.0,0.0
3402,10.0,53.0,0.0
3403,11.0,53.0,0.0
3404,12.0,53.0,0.0
3405,13.0,53.0,0.0
3406,14.0,53.0,0.0
3407,15.0,53.0,0.0
3408,16.0,53.0,0.0
3409,17.0,53.0,0.0
3410,18.0,53.0,0.0
3411,19.0,53.0,0.0
3412,20.0,53.0,0.0
3413,21.0,53.0,0.0
3414,22.0,53.0,0.0
3415,23.0,53.0,0.0
3416,24.0,53.0,0.0
3417,25.0,53.0,0.0
3418,26.0,53.0,0.0
3419,27.0,53.0,0.0
3420,28.0,53.0,0.0
3421,29.0,53.0,0.0
3422,30.0,53.0,0.0
3423,31.0,53.0,0.0
3424,32.0,53.0,0.0
3425,33.0,53.0,0.0
3426,34.0,53.0,0.0
3427,35.0,53.0,0.0
3428,36.0,53.0,0.0
3429,37.0,53.0,0.0
3430,38.0,53.0,0.0
3431,39.0,53.0,0.0
3432,40.0,53.0,0.0
3433,41.0,53.0,0.0
3434,42.0,53.0,0.0
3435,43.0,53.0,0.0
3436,44.0,53.0,0.0
3437,45.0,53.0,0.0
3438,46.0,53.0,0.0
3439,47.0,53.0,0.0
3440,48.0,53.0,0.0
3441,49.0,53.0,0.0
3442,50.0,53.0,0.0
3443,51.0,53.0,0.0
3444,52.0,53.0,0.05
3445,53.0,53.0,1.0
3446,54.0,53.0,0.05
3447,55.0,53.0,0.0
3448,56.0,53.0,0.0
3449,57.0,53.0,0.0
3450,58.0,53.0,0.0
3451,59.0,53.0,0.0
3452,60.0,53.0,0.0
3453,61.0,53.0,0.0
3454,62.0,53.0,0.0
3455,63.0,53.0,0.0
3456,0.0,54.0,0.0
3457,1.0,54.0,0.0
3458,2.0,54.0,0.0
3459,3.0,54.0,0.0
3460,4.0,54.0,0.0
3461,5.0,54.0,0.0
3462,6.0,54.0,0.0
3463,7.0,54.0,0.0
3464,8.0,54.0,0.0
3465,9.0,54.0,0.0
3466,10.0,54.0,0.0
3467,11.0,54.0,0.0
3468,12.0,54.0,0.0
3469,13.0,54.0,0.0
3470,14.0,54.0,0.0
3471,15.0,54.0,0.0
3472,16.0,54.0,0.0
3473,17.0,54.0,0.0
3474,18.0,54.0,0.0
3475,19.0,54.0,0.0
3476,20.0,54.0,0.0
3477,21.0,54.0,0.0
3478,22.0,54.0,0.0
3479,23.0,54.0,0.0
3480,24.0,54.0,0.0
3481,25.0,54.0,0.0
3482,26.0,54.0,0.0
3483,27.0,54.0,0.0
3484,28.0,54.0,0.0
3485,29.0,54.0,0.0
3486,30.0,54.0,0.0
3487,31.0,54.0,0.0
3488,32.0,54.0,0.0
3489,33.0,54.0,0.0
3490,34.0,54.0,0.0
3491,35.0,54.0,0.0
3492,36.0,54.0,0.0
3493,37.0,54.0,0.0
3494,38.0,54.0,0.0
3495,39.0,54.0,0.0
3496,40.0,54.0,0.0
3497,41.0,54.0,0.0
3498,42.0,54.0,0.0
3499,43.0,54.0,0.0
3500,44.0,54.0,0.0
3501,45.0,54.0,0.0
3502,46.0,54.0,0.0
3503,47.0,54.0,0.0
3504,48.0,54.0,0.0
3505,49.0,54.0,0.0
3506,50.0,54.0,0.0
3507,51.0,54.0,0.0
3508,52.0,54.0,0.0
3509,53.0,54.0,0.05
3510,54.0,54.0,1.0
3511,55.0,54.0,0.05
3512,56.0,54.0,0.0
3513,57.0,54.0,0.0
3514,58.0,54.0,0.0
3515,59.0,54.0,0.0
3516,60.0,54.0,0.0
3517,61.0,54.0,0.0
3518,62.0,54.0,0.0
3519,63.0,54.0,0.0
3520,0.0,55.0,0.0
3521,1.0,55.0,0.0
3522,2.0,55.0,0.0
3523,3.0,55.0,0.0
3524,4.0,55.0,0.0
3525,5.0,55.0,0.0
3526,6.0,55.0,0.0
3527,7.0,55.0,0.0
3528,8.0,55.0,0.0
3529,9.0,55.0,0.0
3530,10.0,55.0,0.0
3531,11.0,55.0,0.0
3532,12.0,55.0,0.0
3533,13.0,55.0,0.0
3534,14.0,55.0,0.0
3535,15.0,55.0,0.0
3536,16.0,55.0,0.0
3537,17.0,55.0,0.0
3538,18.0,55.0,0.0
3539,19.0,55.0,0.0
3540,20.0,55.0,0.0
3541,21.0,55.0,0.0
3542,22.0,55.0,0.0
3543,23.0,55.0,0.0
3544,24.0,55.0,0.0
3545,25.0,55.0,0.0
3546,26.0,55.0,0.0
3547,27.0,55.0,0.0
3548,28.0,55.0,0.0
3549,29.0,55.0,0.0
3550,30.0,55.0,0.0
3551,31.0,55.0,0.0
3552,32.0,55.0,0.0
3553,33.0,55.0,0.0
3554,34.0,55.0,0.0
3555,35.0,55.0,0.0
3556,36.0,55.0,0.0
3557,37.0,55.0,0.0
3558,38.0,55.0,0.0
3559,39.0,55.0,0.0
3560,40.0,55.0,0.0
3561,41.0,55.0,0.0
3562,42.0,55.0,0.0
3563,43.0,55.0,0.0
3564,44.0,55.0,0.0
3565,45.0,55.0,0.0
3566,46.0,55.0,0.0
3567,47.0,55.0,0.0
3568,48.0,55.0,0.0
3569,49.0,55.0,0.0
3570,50.0,55.0,0.0
3571,51.0,55.0,0.0
3572,52.0,55.0,0.0
3573,53.0,55.0,0.0
3574,54.0,55.0,0.05
3575,55.0,55.0,1.0
3576,56.0,55.0,0.05
3577,57.0,55.0,0.0
3578,58.0,55.0,0.0
3579,59.0,55.0,0.0
3580,60.0,55.0,0.0
3581,61.0,55.0,0.0
3582,62.0,55.0,0.0
3583,63.0,55.0,0.0
3584,0.0,56.0,0.0
3585,1.0,56.0,0.0
3586,2.0,56.0,0.0
3587,3.0,56.0,0.0
3588,4.0,56.0,0.0
3589,5.0,56.0,0.0
3590,6.0,56.0,0.0
3591,7.0,56.0,0.0
3592,8.0,56.0,0.0
3593,9.0,56.0,0.0
3594,10.0,56.0,0.0
3595,11.0,56.0,0.0
3596,12.0,56.0,0.0
3597,13.0,56.0,0.0
3598,14.0,56.0,0.0
3599,15.0,56.0,0.0
3600,16.0,56.0,0.0
3601,17.0,56.0,0.0
3602,18.0,56.0,0.0
3603,19.0,56.0,0.0
3604,20.0,56.0,0.0
3605,21.0,56.0,0.0
3606,22.0,56.0,0.0
3607,23.0,56.0,0.0
3608,24.0,56.0,0.0
3609,25.0,56.0,0.0
3610,26.0,56.0,0.0
3611,27.0,56.0,0.0
3612,28.0,56.0,0.0
3613,29.0,56.0,0.0
3614,30.0,56.0,0.0
3615,31.0,56.0,0.0
3616,32.0,56.0,0.0
3617,33.0,56.0,0.0
3618,34.0,56.0,0.0
3619,35.0,56.0,0.0
3620,36.0,56.0,0.0
3621,37.0,56.0,0.0
3622,38.0,56.0,0.0
3623,39.0,56.0,0.0
3624,40.0,56.0,0.0
3625,41.0,56.0,0.0
3626,42.0,56.0,0.0
3627,43.0,56.0,0.0
3628,44.0,56.0,0.0
3629,45.0,56.0,0.0
3630,46.0,56.0,0.0
3631,47.0,56.0,0.0
3632,48.0,56.0,0.0
3633,49.0,56.0,0.0
3634,50.0,56.0,0.0
3635,51.0,56.0,0.0
3636,52.0,56.0,0.0
3637,53.0,56.0,0.0
3638,54.0,56.0,0.0
3639,55.0,56.0,0.05
3640,56.0,56.0,1.0
3641,57.0,56.0,0.05
3642,58.0,56.0,0.0
3643,59.0,56.0,0.0
3644,60.0,56.0,0.0
3645,61.0,56.0,0.0
3646,62.0,56.0,0.0
3647,63.0,56.0,0.0
3648,0.0,57.0,0.0
3649,1.0,57.0,0.0
3650,2.0,57.0,0.0
3651,3.0,57.0,0.0
3652,4.0,57.0,0.0
3653,5.0,57.0,0.0
3654,6.0,57.0,0.0
3655,7.0,57.0,0.0
3656,8.0,57.0,0.0
3657,9.0,57.0,0.0
3658,10.0,57.0,0.0
3659,11.0,57.0,0.0
3660,12.0,57.0,0.0
3661,13.0,57.0,0.0
3662,14.0,57.0,0.0
3663,15.0,57.0,0.0
3664,16.0,57.0,0.0
3665,17.0,57.0,0.0
3666,18.0,57.0,0.0
3667,19.0,57.0,0.0
3668,20.0,57.0,0.0
3669,21.0,57.0,0.0
3670,22.0,57.0,0.0
3671,23.0,57.0,0.0
3672,24.0,57.0,0.0
3673,25.0,57.0,0.0
3674,26.0,57.0,0.0
3675,27.0,57.0,0.0
3676,28.0,57.0,0.0
3677,29.0,57.0,0.0
3678,30.0,57.0,0.0
3679,31.0,57.0,0.0
3680,32.0,57.0,0.0
3681,33.0,57.0,0.0
3682,34.0,57.0,0.0
3683,35.0,57.0,0.0
3684,36.0,57.0,0.0
3685,37.0,57.0,0.0
3686,38.0,57.0,0.0
3687,39.0,57.0,0.0
3688,40.0,57.0,0.0
3689,41.0,57.0,0.0
3690,42.0,57.0,0.0
3691,43.0,57.0,0.0
3692,44.0,57.0,0.0
3693,45.0,57.0,0.0
3694,46.0,57.0,0.0
3695,47.0,57.0,0.0
3696,48.0,57.0,0.0
3697,49.0,57.0,0.0
3698,50.0,57.0,0.0
3699,51.0,57.0,0.0
3700,52.0,57.0,0.0
3701,53.0,57.0,0.0
3702,54.0,57.0,0.0
3703,55.0,57.0,0.0
3704,56.0,57.0,0.05
3705,57.0,57.0,1.0
3706,58.0,57.0,0.05
3707,59.0,57.0,0.0
3708,60.0,57.0,0.0
3709,61.0,57.0,0.0
3710,62.0,57.0,0.0
3711,63.0,57.0,0.0
3712,0.0,58.0,0.0
3713,1.0,58.0,0.0
3714,2.0,58.0,0.0
3715,3.0,58.0,0.0
3716,4.0,58.0,0.0
3717,5.0,58.0,0.0
3718,6.0,58.0,0.0
3719,7.0,58.0,0.0
3720,8.0,58.0,0.0
3721,9.0,58.0,0.0
3722,10.0,58.0,0.0
3723,11.0,58.0,0.0
3724,12.0,58.0,0.0
3725,13.0,58.0,0.0
3726,14.0,58.0,0.0
3727,15.0,58.0,0.0
3728,16.0,58.0,0.0
3729,17.0,58.0,0.0
3730,18.0,58.0,0.0
3731,19.0,58.0,0.0
3732,20.0,58.0,0.0
3733,21.0,58.0,0.0
3734,22.0,58.0,0.0
3735,23.0,58.0,0.0
3736,24.0,58.0,0.0
3737,25.0,58.0,0.0
3738,26.0,58.0,0.0
3739,27.0,58.0,0.0
3740,28.0,58.0,0.0
3741,29.0,58.0,0.0
3742,30.0,58.0,0.0
3743,31.0,58.0,0.0
3744,32.0,58.0,0.0
3745,33.0,58.0,0.0
3746,34.0,58.0,0.0
3747,35.0,58.0,0.0
3748,36.0,58.0,0.0
3749,37.0,58.0,0.0
3750,38.0,58.0,0.0
3751,39.0,58.0,0.0
3752,40.0,58.0,0.0
3753,41.0,58.0,0.0
3754,42.0,58.0,0.0
3755,43.0,58.0,0.0
3756,44.0,58.0,0.0
3757,45.0,58.0,0.0
3758,46.0,58.0,0.0
3759,47.0,58.0,0.0
3760,48.0,58.0,0.0
3761,49.0,58.0,0.0
3762,50.0,58.0,0.0
3763,51.0,58.0,0.0
3764,52.0,58.0,0.0
3765,53.0,58.0,0.0
3766,54.0,58.0,0.0
3767,55.0,58.0,0.0
3768,56.0,58.0,0.0
3769,57.0,58.0,0.05
3770,58.0,58.0,1.0
3771,59.0,58.0,0.05
3772,60.0,58.0,0.0
3773,61.0,58.0,0.0
3774,62.0,58.0,0.0
3775,63.0,58.0,0.0
3776,0.0,59.0,0.0
3777,1.0,59.0,0.0
3778,2.0,59.0,0.0
3779,3.0,59.0,0.0
3780,4.0,59.0,0.0
3781,5.0,59.0,0.0
3782,6.0,59.0,0.0
3783,7.0,59.0,0.0
3784,8.0,59.0,0.0
3785,9.0,59.0,0.0
3786,10.0,59.0,0.0
3787,11.0,59.0,0.0
3788,12.0,59.0,0.0
3789,13.0,59.0,0.0
3790,14.0,59.0,0.0
3791,15.0,59.0,0.0
3792,16.0,59.0,0.0
3793,17.0,59.0,0.0
3794,18.0,59.0,0.0
3795,19.0,59.0,0.0
3796,20.0,59.0,0.0
3797,21.0,59.0,0.0
3798,22.0,59.0,0.0
3799,23.0,59.0,0.0
3800,24.0,59.0,0.0
3801,25.0,59.0,0.0
3802,26.0,59.0,0.0
3803,27.0,59.0,0.0
3804,28.0,59.0,0.0
3805,29.0,59.0,0.0
3806,30.0,59.0,0.0
3807,31.0,59.0,0.0
3808,32.0,59.0,0.0
3809,33.0,59.0,0.0
3810,34.0,59.0,0.0
3811,35.0,59.0,0.0
3812,36.0,59.0,0.0
3813,37.0,59.0,0.0
3814,38.0,59.0,0.0
3815,39.0,59.0,0.0
3816,40.0,59.0,0.0
3817,41.0,59.0,0.0
3818,42.0,59.0,0.0
3819,43.0,59.0,0.0
3820,44.0,59.0,0.0
3821,45.0,59.0,0.0
3822,46.0,59.0,0.0
3823,47.0,59.0,0.0
3824,48.0,59.0,0.0
3825,49.0,59.0,0.0
3826,50.0,59.0,0.0
3827,51.0,59.0,0.0
3828,52.0,59.0,0.0
3829,53.0,59.0,0.0
3830,54.0,59.0,0.0
3831,55.0,59.0,0.0
3832,56.0,59.0,0.0
3833,57.0,59.0,0.0
3834,58.0,59.0,0.05
3835,59.0,59.0,1.0
3836,60.0,59.0,0.05
3837,61.0,59.0,0.0
3838,62.0,59.0,0.0
3839,63.0,59.0,0.0
3840,0.0,60.0,0.0
3841,1.0,60.0,0.0
3842,2.0,60.0,0.0
3843,3.0,60.0,0.0
3844,4.0,60.0,0.0
3845,5.0,60.0,0.0
3846,6.0,60.0,0.0
3847,7.0,60.0,0.0
3848,8.0,60.0,0.0
3849,9.0,60.0,0.0
3850,10.0,60.0,0.0
3851,11.0,60.0,0.0
3852,12.0,60.0,0.0
3853,13.0,60.0,0.0
3854,14.0,60.0,0.0
3855,15.0,60.0,0.0
3856,16.0,60.0,0.0
3857,17.0,60.0,0.0
3858,18.0,60.0,0.0
3859,19.0,60.0,0.0
3860,20.0,60.0,0.0
3861,21.0,60.0,0.0
3862,22.0,60.0,0.0
3863,23.0,60.0,0.0
3864,24.0,60.0,0.0
3865,25.0,60.0,0.0
3866,26.0,60.0,0.0
3867,27.0,60.0,0.0
3868,28.0,60.0,0.0
3869,29.0,60.0,0.0
3870,30.0,60.0,0.0
3871,31.0,60.0,0.0
3872,32.0,60.0,0.0
3873,33.0,60.0,0.0
3874,34.0,60.0,0.0
3875,35.0,60.0,0.0
3876,36.0,60.0,0.0
3877,37.0,60.0,0.0
3878,38.0,60.0,0.0
3879,39.0,60.0,0.0
3880,40.0,60.0,0.0
3881,41.0,60.0,0.0
3882,42.0,60.0,0.0
3883,43.0,60.0,0.0
3884,44.0,60.0,0.0
3885,45.0,60.0,0.0
3886,46.0,60.0,0.0
3887,47.0,60.0,0.0
3888,48.0,60.0,0.0
3889,49.0,60.0,0.0
3890,50.0,60.0,0.0
3891,51.0,60.0,0.0
3892,52.0,60.0,0.0
3893,53.0,60.0,0.0
3894,54.0,60.0,0.0
3895,55.0,60.0,0.0
3896,56.0,60.0,0.0
3897,57.0,60.0,0.0
3898,58.0,60.0,0.0
3899,59.0,60.0,0.05
3900,60.0,60.0,1.0
3901,61.0,60.0,0.05
3902,62.0,60.0,0.0
3903,63.0,60.0,0.0
3904,0.0,61.0,0.0
3905,1.0,61.0,0.0
3906,2.0,61.0,0.0
3907,3.0,61.0,0.0
3908,4.0,61.0,0.0
3909,5.0,61.0,0.0
3910,6.0,61.0,0.0
3911,7.0,61.0,0.0
3912,8.0,61.0,0.0
3913,9.0,61.0,0.0
3914,10.0,61.0,0.0
3915,11.0,61.0,0.0
3916,12.0,61.0,0.0
3917,13.0,61.0,0.0
3918,14.0,61.0,0.0
3919,15.0,61.0,0.0
3920,16.0,61.0,0.0
3921,17.0,61.0,0.0
3922,18.0,61.0,0.0
3923,19.0,61.0,0.0
3924,20.0,61.0,0.0
3925,21.0,61.0,0.0
3926,22.0,61.0,0.0
3927,23.0,61.0,0.0
3928,24.0,61.0,0.0
3929,25.0,61.0,0.0
3930,26.0,61.0,0.0
3931,27.0,61.0,0.0
3932,28.0,61.0,0.0
3933,29.0,61.0,0.0
3934,30.0,61.0,0.0
3935,31.0,61.0,0.0
3936,32.0,61.0,0.0
3937,33.0,61.0,0.0
3938,34.0,61.0,0.0
3939,35.0,61.0,0.0
3940,36.0,61.0,0.0
3941,37.0,61.0,0.0
3942,38.0,61.0,0.0
3943,39.0,61.0,0.0
3944,40.0,61.0,0.0
3945,41.0,61.0,0.0
3946,42.0,61.0,0.0
3947,43.0,61.0,0.0
3948,44.0,61.0,0.0
3949,45.0,61.0,0.0
3950,46.0,61.0,0.0
3951,47.0,61.0,0.0
3952,48.0,61.0,0.0
3953,49.0,61.0,0.0
3954,50.0,61.0,0.0
3955,51.0,61.0,0.0
3956,52.0,61.0,0.0
3957,53.0,61.0,0.0
3958,54.0,61.0,0.0
3959,55.0,61.0,0.0
3960,56.0,61.0,0.0
3961,57.0,61.0,0.0
3962,58.0,61.0,0.0
3963,59.0,61.0,0.0
3964,60.0,61.0,0.05
3965,61.0,61.0,1.0
3966,62.0,61.0,0.05
3967,63.0,61.0,0.0
3968,0.0,62.0,0.0
3969,1.0,62.0,0.0
3970,2.0,62.0,0.0
3971,3.0,62.0,0.0
3972,4.0,62.0,0.0
3973,5.0,62.0,0.0
3974,6.0,62.0,0.0
3975,7.0,62.0,0.0
3976,8.0,62.0,0.0
3977,9.0,62.0,0.0
3978,10.0,62.0,0.0
3979,11.0,62.0,0.0
3980,12.0,62.0,0.0
3981,13.0,62.0,0.0
3982,14.0,62.0,0.0
3983,15.0,62.0,0.0
3984,16.0,62.0,0.0
3985,17.0,62.0,0.0
3986,18.0,62.0,0.0
3987,19.0,62.0,0.0
3988,20.0,62.0,0.0
3989,21.0,62.0,0.0
3990,22.0,62.0,0.0
3991,23.0,62.0,0.0
3992,24.0,62.0,0.0
3993,25.0,62.0,0.0
3994,26.0,62.0,0.0
3995,27.0,62.0,0.0
3996,28.0,62.0,0.0
3997,29.0,62.0,0.0
3998,30.0,62.0,0.0
3999,31.0,62.0,0.0
4000,32.0,62.0,0.0
4001,33.0,62.0,0.0
4002,34.0,62.0,0.0
4003,35.0,62.0,0.0
4004,36.0,62.0,0.0
4005,37.0,62.0,0.0
4006,38.0,62.0,0.0
4007,39.0,62.0,0.0
4008,40.0,62.0,0.0
4009,41.0,62.0,0.0
4010,42.0,62.0,0.0
4011,43.0,62.0,0.0
4012,44.0,62.0,0.0
4013,45.0,62.0,0.0
4014,46.0,62.0,0.0
4015,47.0,62.0,0.0
4016,48.0,62.0,0.0
4017,49.0,62.0,0.0
4018,50.0,62.0,0.0
4019,51.0,62.0,0.0
4020,52.0,62.0,0.0
4021,53.0,62.0,0.0
4022,54.0,62.0,0.0
4023,55.0,62.0,0.0
4024,56.0,62.0,0.0
4025,57.0,62.0,0.0
4026,58.0,62.0,0.0
4027,59.0,62.0,0.0
4028,60.0,62.0,0.0
4029,61.0,62.0,0.05
4030,62.0,62.0,1.0
4031,63.0,62.0,0.05
4032,0.0,63.0,0.0
4033,1.0,63.0,0.0
4034,2.0,63.0,0.0
4035,3.0,63.0,0.0
4036,4.0,63.0,0.0
4037,5.0,63.0,0.0
4038,6.0,63.0,0.0
4039,7.0,63.0,0.0
4040,8.0,63.0,0.0
4041,9.0,63.0,0.0
4042,10.0,63.0,0.0
4043,11.0,63.0,0.0
4044,12.0,63.0,0.0
4045,13.0,63.0,0.0
4046,14.0,63.0,0.0
4047,15.0,63.0,0.0
4048,16.0,63.0,0.0
4049,17.0,63.0,0.0
4050,18.0,63.0,0.0
4051,19.0,63.0,0.0
4052,20.0,63.0,0.0
4053,21.0,63.0,0.0
4054,22.0,63.0,0.0
4055,23.0,63.0,0.0
4056,24.0,63.0,0.0
4057,25.0,63.0,0.0
4058,26.0,63.0,0.0
4059,27.0,63.0,0.0
4060,28.0,63.0,0.0
4061,29.0,63.0,0.0
4062,30.0,63.0,0.0
4063,31.0,63.0,0.0
4064,32.0,63.0,0.0
4065,33.0,63.0,0.0
4066,34.0,63.0,0.0
4067,35.0,63.0,0.0
4068,36.0,63.0,0.0
4069,37.0,63.0,0.0
4070,38.0,63.0,0.0
4071,39.0,63.0,0.0
4072,40.0,63.0,0.0
4073,41.0,63.0,0.0
4074,42.0,63.0,0.0
4075,43.0,63.0,0.0
4076,44.0,63.0,0.0
4077,45.0,63.0,0.0
4078,46.0,63.0,0.0
4079,47.0,63.0,0.0
4080,48.0,63.0,0.0
4081,49.0,63.0,0.0
4082,50.0,63.0,0.0
4083,51.0,63.0,0.0
4084,52.0,63.0,0.0
4085,53.0,63.0,0.0
4086,54.0,63.0,0.0
4087,55.0,63.0,0.0
4088,56.0,63.0,0.0
4089,57.0,63.0,0.0
4090,58.0,63.0,0.0
4091,59.0,63.0,0.0
4092,60.0,63.0,0.0
4093,61.0,63.0,0.0
4094,62.0,63.0,0.05
4095,63.0,63.0,1.0
